idPerson,FIRST_NAME,MIDDLE INITIAL,LAST_NAME,UTC_TIMEZONE,EMAIL,PHONE NUMBER,PLATFORM_A_CONVO_COUNT,PLATFORM_B_CONVO_COUNT,PLATFORM_C_CONVO_COUNT
635989,Ima,r,Mille,UTC 9,Ima.r.Mille@gmail.com,+38(340)9777625,79,17,4
956749,Takako,U,Nidiffer,UTC 6,Takako.U.Nidiffer@gmail.com,(299)1178214,72,26,2
905401,Adriene,r,Weemes,UTC -5,Adriene.r.Weemes@gmail.com,(765)4804276,82,15,3
337923,Claudio,Z,Halmstead,UTC 1,Claudio.Z.Halmstead@gmail.com,(387)-718-0267,72,25,3
198538,Ronda,s,Kuick,UTC -6,Ronda.s.Kuick@gmail.com,(709)784301,74,24,2
628883,Karan,l,Fliss,UTC -6,Karan.l.Fliss@gmail.com,(911)6810894,70,27,3
346119,Shira,s,Borsh,UTC 3,Shira.s.Borsh@gmail.com,5872303463,68,31,1
588389,Brian,l,Stenzel,UTC 7,Brian.l.Stenzel@gmail.com,1711722888,79,19,2
473273,Shea,D,Rape,UTC 7,Shea.D.Rape@gmail.com,(830)5952595,78,19,3
986870,Desmond,x,Gaufusi,UTC -8,Desmond.x.Gaufusi@gmail.com,+1(809)7915904,82,18,0
363371,Gena,z,Gadsby,UTC -11,Gena.z.Gadsby@gmail.com,(+15)(854)-659-7524,70,27,3
653841,Lulu,l,Szerlong,UTC 7,Lulu.l.Szerlong@gmail.com,(790)-200-6061,80,16,4
665572,Marlana,h,Zhong,UTC -1,Marlana.h.Zhong@gmail.com,+62(506)9480869,76,20,4
120845,Hannah,k,Villines,UTC 1,Hannah.k.Villines@gmail.com,(150)-538-7267,75,22,3
658729,Micki,O,Wilmont,UTC 3,Micki.O.Wilmont@gmail.com,476-855-7955,66,31,3
860336,Forrest,U,Iha,UTC -10,Forrest.U.Iha@gmail.com,5977996489,74,22,4
937906,Hedy,T,Maontesano,UTC -10,Hedy.T.Maontesano@gmail.com,+30(661)3718414,77,21,2
285590,Aleisha,L,Bailon,UTC 0,Aleisha.L.Bailon@gmail.com,(183)3975033,79,18,3
795230,China,E,Flum,UTC -12,China.E.Flum@gmail.com,(257)-097-7480,80,17,3
524900,Corliss,L,Pratillo,UTC 0,Corliss.L.Pratillo@gmail.com,474-826-1387,70,29,1
594093,Rodrigo,b,Tedder,UTC -4,Rodrigo.b.Tedder@gmail.com,3011870230,81,18,1
299558,Tony,R,Kennin,UTC -5,Tony.R.Kennin@gmail.com,+69(789)1389510,71,26,3
953066,Na,u,Mcduffie,UTC -7,Na.u.Mcduffie@gmail.com,(944)-198-2901,81,15,4
368450,Cathy,t,Frankum,UTC 2,Cathy.t.Frankum@gmail.com,171-889-9406,69,25,6
164902,Zulema,Y,Compean,UTC 7,Zulema.Y.Compean@gmail.com,+1(724)3483329,85,14,1
308427,Geneva,b,Helker,UTC 7,Geneva.b.Helker@gmail.com,+175363222386,81,17,2
100730,Liz,Y,Harrelson,UTC -2,Liz.Y.Harrelson@gmail.com,+27246-657-4186,81,17,2
53842,Gladis,F,Bacca,UTC -12,Gladis.F.Bacca@gmail.com,506-015-2454,73,25,2
511915,Lia,n,Mccartt,UTC -6,Lia.n.Mccartt@gmail.com,(+81)(399)-290-9251,77,20,3
827984,Marlon,n,Notti,UTC -1,Marlon.n.Notti@gmail.com,(+9)(396)-247-8812,74,23,3
183661,Ron,b,Felts,UTC 9,Ron.b.Felts@gmail.com,(102)672245,69,26,5
503610,Alberta,r,Carsten,UTC 7,Alberta.r.Carsten@gmail.com,368-287-2641,75,19,6
649604,Barbara,O,Gaver,UTC -1,Barbara.O.Gaver@gmail.com,+1(661)5558042,69,27,4
313854,Terica,U,Scola,UTC -2,Terica.U.Scola@gmail.com,+1(377)3822601,75,21,4
349202,Annika,J,Rubinstein,UTC 7,Annika.J.Rubinstein@gmail.com,(+1)(787)-685-6502,83,15,2
779192,Carolin,K,Brighter,UTC 9,Carolin.K.Brighter@gmail.com,6439497109,79,18,3
312703,Jeniffer,N,Simmes,UTC -11,Jeniffer.N.Simmes@gmail.com,(+1)(468)-794-9378,74,24,2
335221,Marivel,f,Angviano,UTC -11,Marivel.f.Angviano@gmail.com,+1728-523-5024,77,21,2
995255,Lisbeth,K,Loschiavo,UTC -2,Lisbeth.K.Loschiavo@gmail.com,(392)-351-6711,77,20,3
965160,Nancie,q,Lozito,UTC 7,Nancie.q.Lozito@gmail.com,(496)-664-8735,71,26,3
334838,Verda,I,Corado,UTC 6,Verda.I.Corado@gmail.com,851-667-0637,74,22,4
238060,Terri,h,Krey,UTC 3,Terri.h.Krey@gmail.com,5655575776,77,21,2
592530,Shanel,T,Ahner,UTC 5,Shanel.T.Ahner@gmail.com,307-298-9569,66,31,3
465698,Deborah,h,Piro,UTC -7,Deborah.h.Piro@gmail.com,(592)-669-5033,71,29,0
75827,Kiyoko,z,Hoelscher,UTC -4,Kiyoko.z.Hoelscher@gmail.com,(+52)(320)-005-9065,67,27,6
47193,Otto,E,Dicapua,UTC 12,Otto.E.Dicapua@gmail.com,+1(672)6581703,73,24,3
679084,Chu,P,Beahn,UTC 12,Chu.P.Beahn@gmail.com,687-527-47,69,30,1
613453,Raguel,E,Trzaska,UTC -7,Raguel.E.Trzaska@gmail.com,316-241-5056,72,26,2
608417,Chere,g,Schiaffino,UTC -6,Chere.g.Schiaffino@gmail.com,7386711070,70,26,4
167829,Antonietta,s,Stovel,UTC 8,Antonietta.s.Stovel@gmail.com,+1688-772-7907,72,28,0
770616,Antonia,j,Iezzi,UTC 0,Antonia.j.Iezzi@gmail.com,1485956344,74,22,4
313942,Taneka,t,Eurton,UTC -4,Taneka.t.Eurton@gmail.com,3223642297,76,23,1
245076,Denver,U,Lara,UTC -10,Denver.U.Lara@gmail.com,511-419-2663,70,26,4
461858,Jay,r,Hoeper,UTC 7,Jay.r.Hoeper@gmail.com,6802351914,77,22,1
461265,Shawn,o,Baitner,UTC -1,Shawn.o.Baitner@gmail.com,(388)-948-8097,75,22,3
752765,Brande,i,Nadoff,UTC -4,Brande.i.Nadoff@gmail.com,(+1)(475)-723-4889,75,23,2
286041,Jules,c,Richesin,UTC 1,Jules.c.Richesin@gmail.com,3783402433,74,23,3
416998,Tammera,u,Huddleston,UTC 1,Tammera.u.Huddleston@gmail.com,(526)8161877,79,20,1
758485,Katherin,V,Mcchristian,UTC 0,Katherin.V.Mcchristian@gmail.com,2288993536,73,25,2
167753,Williemae,L,Farr,UTC -5,Williemae.L.Farr@gmail.com,(520)3225753,69,31,0
919671,Aleida,F,Melchin,UTC -7,Aleida.F.Melchin@gmail.com,+1(699)270572,82,16,2
719461,Janella,s,Zin,UTC 0,Janella.s.Zin@gmail.com,(+9)(246)-680-4734,75,23,2
189706,Gertrudis,j,Rundahl,UTC -1,Gertrudis.j.Rundahl@gmail.com,9980997530,74,25,1
617392,Ignacia,T,Haisten,UTC -3,Ignacia.T.Haisten@gmail.com,133-493-0171,78,20,2
73251,Lorilee,b,Cosgriff,UTC 7,Lorilee.b.Cosgriff@gmail.com,9603394830,73,23,4
526099,Evalyn,Q,Turnmyre,UTC 4,Evalyn.Q.Turnmyre@gmail.com,(186)-462-5440,71,26,3
841017,Fredericka,X,Pettes,UTC -6,Fredericka.X.Pettes@gmail.com,+1688-170-7958,77,20,3
477585,Pura,O,Shbi,UTC 5,Pura.O.Shbi@gmail.com,(396)1633045,74,23,3
731304,Meagan,L,Milewski,UTC 11,Meagan.L.Milewski@gmail.com,892-152-832,79,19,2
347656,Alva,S,Leonaggeo,UTC 11,Alva.S.Leonaggeo@gmail.com,(672)3573213,83,15,2
901963,Elin,i,Fina,UTC -11,Elin.i.Fina@gmail.com,6597119649,77,20,3
73910,Grover,l,Tinnell,UTC 0,Grover.l.Tinnell@gmail.com,(256)-282-0388,76,19,5
49206,Douglas,h,Gugino,UTC -3,Douglas.h.Gugino@gmail.com,(+18)(386)-383-0014,76,22,2
326023,Sherell,y,Cedotal,UTC -5,Sherell.y.Cedotal@gmail.com,+56(378)1240860,71,28,1
729154,Sheldon,s,Doyne,UTC -6,Sheldon.s.Doyne@gmail.com,(222)591646,77,23,0
813491,Edmundo,k,Stuhr,UTC -7,Edmundo.k.Stuhr@gmail.com,+64(693)3547540,75,19,6
994818,Deloris,p,Stegent,UTC 11,Deloris.p.Stegent@gmail.com,(+47)(681)-609-7225,75,22,3
117183,Rosann,F,Fritchman,UTC 9,Rosann.F.Fritchman@gmail.com,507-081-3790,76,21,3
485337,Fairy,Z,Kress,UTC -10,Fairy.Z.Kress@gmail.com,(682)4524314,74,21,5
881369,Kelvin,K,Flinchbaugh,UTC 10,Kelvin.K.Flinchbaugh@gmail.com,1634392949,77,21,2
65013,Marge,r,Mt,UTC 4,Marge.r.Mt@gmail.com,4505228276,76,22,2
912871,Stella,r,Orlin,UTC 2,Stella.r.Orlin@gmail.com,(849)8567445,82,17,1
495701,Rhona,h,Brunswick,UTC 7,Rhona.h.Brunswick@gmail.com,+13421309231,77,19,4
718125,Bianca,r,Tice,UTC 10,Bianca.r.Tice@gmail.com,420813690,74,21,5
19609,Romona,G,Wernex,UTC -10,Romona.G.Wernex@gmail.com,+1(125)4268743,81,19,0
928209,Jame,P,Grothoff,UTC 0,Jame.P.Grothoff@gmail.com,+17242507930,74,25,1
930225,Dirk,g,Pernod,UTC -12,Dirk.g.Pernod@gmail.com,(860)9404932,80,16,4
585779,Casey,C,Wahn,UTC -2,Casey.C.Wahn@gmail.com,(227)-026-4293,76,21,3
51113,Margeret,N,Frutchey,UTC 5,Margeret.N.Frutchey@gmail.com,(+84)(536)-337-8970,70,24,6
200613,Jamal,n,Saile,UTC -11,Jamal.n.Saile@gmail.com,(644)-677-3786,79,19,2
6196,Gary,u,Sisler,UTC 9,Gary.u.Sisler@gmail.com,+291957884743,80,15,5
115720,Thora,h,Noli,UTC 2,Thora.h.Noli@gmail.com,774-144-4240,71,25,4
930991,Barbara,p,Carreiro,UTC -2,Barbara.p.Carreiro@gmail.com,470-161-4021,73,21,6
330528,Sherrell,S,Crisson,UTC 2,Sherrell.S.Crisson@gmail.com,(734)224605,69,27,4
346555,Micha,X,Ensell,UTC 10,Micha.X.Ensell@gmail.com,+609972544864,79,18,3
383738,Coleman,p,Hilcher,UTC -7,Coleman.p.Hilcher@gmail.com,8837159347,71,29,0
918860,Theodore,w,Treadwell,UTC -7,Theodore.w.Treadwell@gmail.com,(196)-230-1106,71,26,3
626079,Bertie,D,Gaulding,UTC 3,Bertie.D.Gaulding@gmail.com,(745)-748-3,78,21,1
803667,Nevada,i,Hartleben,UTC -8,Nevada.i.Hartleben@gmail.com,3928325372,80,20,0
876312,Verdell,i,Traw,UTC -3,Verdell.i.Traw@gmail.com,(329)0420369,74,24,2
209806,Man,H,Repasky,UTC 1,Man.H.Repasky@gmail.com,+15379827442,14,3,0
917849,Johanne,k,Ising,UTC -11,Johanne.k.Ising@gmail.com,+36896212041,10,0,0
394742,Shena,q,Bridger,UTC 8,Shena.q.Bridger@gmail.com,7994774925,11,2,0
640889,Randal,I,Fevold,UTC 8,Randal.I.Fevold@gmail.com,8948647454,11,1,0
679316,Eden,S,Cabeceira,UTC 4,Eden.S.Cabeceira@gmail.com,284-957-0366,9,3,1
840216,Daina,W,Micheals,UTC -9,Daina.W.Micheals@gmail.com,+1(371)3277317,9,1,0
882875,Kizzie,c,Orey,UTC 8,Kizzie.c.Orey@gmail.com,+1(538)2802894,10,3,0
666484,Normand,a,Tsuruda,UTC 1,Normand.a.Tsuruda@gmail.com,(529)917874,6,4,0
929667,Felica,r,Pavlov,UTC -11,Felica.r.Pavlov@gmail.com,(391)3547440,11,2,0
451120,Maryln,b,Neve,UTC -2,Maryln.b.Neve@gmail.com,(328)-068-4410,7,2,0
280043,Fritz,k,Kjos,UTC -1,Fritz.k.Kjos@gmail.com,7144160953,9,1,1
14928,Alexis,h,Morelos,UTC 2,Alexis.h.Morelos@gmail.com,(348)-333-5099,9,1,0
729776,Meda,z,Georgalas,UTC -1,Meda.z.Georgalas@gmail.com,+702630501269,16,3,0
315358,Reynalda,k,Bourdeaux,UTC 0,Reynalda.k.Bourdeaux@gmail.com,(663)-518-8937,7,2,0
997904,German,h,Pac,UTC 8,German.h.Pac@gmail.com,(311)2447182,5,3,0
723693,Annalisa,h,Padovano,UTC 9,Annalisa.h.Padovano@gmail.com,(+1)(776)-208-0101,10,3,0
574687,Rhoda,D,Hyppolite,UTC 8,Rhoda.D.Hyppolite@gmail.com,+1697344673,3,3,0
270983,Zella,Y,Dennie,UTC 4,Zella.Y.Dennie@gmail.com,(637)-063-6307,15,1,0
761974,Maryalice,k,Vecchiarelli,UTC -12,Maryalice.k.Vecchiarelli@gmail.com,886-959-4316,5,3,0
760616,Edna,o,Harader,UTC 5,Edna.o.Harader@gmail.com,(241)7135502,14,2,0
32900,Tawanda,Z,Parbol,UTC -4,Tawanda.Z.Parbol@gmail.com,+12520739268,8,2,0
918521,Eleonore,z,Capitano,UTC -11,Eleonore.z.Capitano@gmail.com,5746759188,11,2,0
888870,Mariella,Y,Ringuette,UTC 5,Mariella.Y.Ringuette@gmail.com,(471)-270-8853,9,5,1
114780,Lael,D,Andaverde,UTC 9,Lael.D.Andaverde@gmail.com,(641)1291181,11,6,2
489246,Serina,B,Biancuzzo,UTC -7,Serina.B.Biancuzzo@gmail.com,821-324-9821,9,5,1
497750,Anjelica,l,Hausauer,UTC 7,Anjelica.l.Hausauer@gmail.com,(+28)(956)-512-5122,10,0,0
733415,Roxann,r,Dair,UTC -5,Roxann.r.Dair@gmail.com,864-210-4374,7,4,0
578252,Demetria,A,Scarpitta,UTC 3,Demetria.A.Scarpitta@gmail.com,+86855-990-4006,12,0,0
653033,Wendy,Z,Newbrough,UTC 7,Wendy.Z.Newbrough@gmail.com,(439)8084762,7,2,0
112666,Kimberly,V,Coggin,UTC 5,Kimberly.V.Coggin@gmail.com,+39(789)6719985,4,1,0
143697,Earnestine,J,Lollis,UTC -6,Earnestine.J.Lollis@gmail.com,+1(963)8120303,10,3,0
132101,Maurice,l,Caire,UTC -4,Maurice.l.Caire@gmail.com,1099487691,7,2,0
48317,Alec,F,Beyser,UTC -1,Alec.F.Beyser@gmail.com,(568)-670-344,6,2,0
486717,Maryln,e,Latigo,UTC 2,Maryln.e.Latigo@gmail.com,(880)1360920,9,1,0
506476,Kathrine,H,Tunison,UTC 2,Kathrine.H.Tunison@gmail.com,(+29)(659)-687-8263,6,2,0
150287,Tempie,f,Boatright,UTC -2,Tempie.f.Boatright@gmail.com,(600)3280437,7,0,0
847500,Kristin,U,Dougharity,UTC -1,Kristin.U.Dougharity@gmail.com,(+56)(726)-995-1053,6,1,0
811476,Dewey,b,Rickert,UTC 3,Dewey.b.Rickert@gmail.com,+51(409)0507136,7,1,0
383684,Carmelina,u,Kartye,UTC -1,Carmelina.u.Kartye@gmail.com,(206)-551-5626,5,7,1
614422,Waltraud,r,Skibosh,UTC -7,Waltraud.r.Skibosh@gmail.com,3029487539,14,3,0
184695,Jesse,T,Neve,UTC 7,Jesse.T.Neve@gmail.com,4836699312,12,1,0
517663,Dewayne,S,Hadder,UTC -12,Dewayne.S.Hadder@gmail.com,+12433104209,9,1,1
758560,Lino,n,Barbadillo,UTC 9,Lino.n.Barbadillo@gmail.com,4978188326,5,1,1
785430,Connie,X,Pleiss,UTC 11,Connie.X.Pleiss@gmail.com,2962374410,7,6,0
278325,Despina,b,Strassburg,UTC 3,Despina.b.Strassburg@gmail.com,+301677351681,6,4,0
201067,Kortney,k,Rorick,UTC -7,Kortney.k.Rorick@gmail.com,(+1)(536)-235-9660,12,1,0
774,Leonardo,P,Carvett,UTC -12,Leonardo.P.Carvett@gmail.com,+1989-571-7352,13,0,1
183462,Stanton,u,Vinup,UTC 9,Stanton.u.Vinup@gmail.com,620-486-607,3,0,0
581449,Florrie,Y,Delgiudice,UTC 8,Florrie.Y.Delgiudice@gmail.com,4683262016,6,2,0
853736,Janene,I,Tigert,UTC -5,Janene.I.Tigert@gmail.com,161-573-3411,14,3,0
265972,Fred,B,Forber,UTC 1,Fred.B.Forber@gmail.com,(477)4296985,7,3,1
597025,Kyoko,Y,Prins,UTC 11,Kyoko.Y.Prins@gmail.com,335-898-8890,7,2,1
74721,Derick,f,Jennelle,UTC 0,Derick.f.Jennelle@gmail.com,(553)-644-7529,5,3,0
345197,Stella,N,Goldhaber,UTC 10,Stella.N.Goldhaber@gmail.com,(913)-005-0856,6,4,0
779876,Larissa,t,Schmaling,UTC -2,Larissa.t.Schmaling@gmail.com,+1515-724-8239,7,1,0
75958,Mai,f,Clarkston,UTC 6,Mai.f.Clarkston@gmail.com,(944)3032845,8,2,0
46266,Aron,m,Bonito,UTC -1,Aron.m.Bonito@gmail.com,(207)9363069,5,2,0
602597,Jacque,I,Bignall,UTC -4,Jacque.I.Bignall@gmail.com,647-041-7646,11,4,0
257838,Amanda,L,Hinderberger,UTC -1,Amanda.L.Hinderberger@gmail.com,+1256-292-1188,7,3,1
530764,Darwin,j,Altamiruno,UTC 10,Darwin.j.Altamiruno@gmail.com,9603318499,5,2,0
408364,Deonna,Y,Ponton,UTC -11,Deonna.Y.Ponton@gmail.com,+1100-219-1505,11,4,0
525656,Arlette,o,Plunket,UTC 10,Arlette.o.Plunket@gmail.com,517-085-4944,10,5,1
78137,Van,U,Mcbrearty,UTC -7,Van.U.Mcbrearty@gmail.com,(963)-842-2069,12,2,0
126855,Tom,H,Commendatore,UTC 7,Tom.H.Commendatore@gmail.com,+96882-628-055,12,1,1
674300,Elba,E,Sebesta,UTC 4,Elba.E.Sebesta@gmail.com,(206)3641008,5,4,0
597479,Carmon,Q,Weitnauer,UTC -11,Carmon.Q.Weitnauer@gmail.com,(228)-915-0029,6,2,0
884771,Renate,f,Myking,UTC -7,Renate.f.Myking@gmail.com,(+1)(663)-591-8009,8,3,0
902379,Pa,t,Kinnett,UTC 3,Pa.t.Kinnett@gmail.com,(307)4485029,11,2,0
948847,Jesenia,K,Liebler,UTC -1,Jesenia.K.Liebler@gmail.com,105-567-3285,9,1,1
185962,Herma,L,Reppell,UTC 7,Herma.L.Reppell@gmail.com,(832)-283-26,7,2,0
739216,Tommye,I,Heriford,UTC 12,Tommye.I.Heriford@gmail.com,(987)8874901,5,3,1
784340,Beverlee,W,Albarran,UTC -3,Beverlee.W.Albarran@gmail.com,(678)-635-30,10,3,0
969554,Emelda,Y,Dalrymple,UTC -6,Emelda.Y.Dalrymple@gmail.com,(610)5068967,5,2,0
1572,Jerica,c,Thammavongsa,UTC 10,Jerica.c.Thammavongsa@gmail.com,+799602637506,6,1,1
176504,Justine,R,Seiden,UTC -7,Justine.R.Seiden@gmail.com,(+1)(873)-336-6105,11,0,1
569675,Jettie,B,Ismael,UTC -9,Jettie.B.Ismael@gmail.com,7178927687,6,5,0
647567,Yuk,n,Delahoz,UTC -9,Yuk.n.Delahoz@gmail.com,7834445043,11,6,0
910901,Janey,m,Ying,UTC 9,Janey.m.Ying@gmail.com,+14151099631,9,4,1
917782,Joya,f,Lucci,UTC 4,Joya.f.Lucci@gmail.com,(+84)(335)-903-7402,14,5,0
822661,Ana,k,Logalbo,UTC -7,Ana.k.Logalbo@gmail.com,+57(592)638593,11,0,0
668813,Dawne,n,Lage,UTC -4,Dawne.n.Lage@gmail.com,780-896-1172,9,3,0
763196,Martin,H,Demmer,UTC -11,Martin.H.Demmer@gmail.com,+88(853)5087608,10,0,0
280560,Cortez,m,Tulloch,UTC -12,Cortez.m.Tulloch@gmail.com,+99420-351-6507,10,4,0
11102,Stacee,U,Schindeldecke,UTC 2,Stacee.U.Schindeldecke@gmail.com,502-252-3471,7,4,2
850410,Elyse,g,Cravatta,UTC 6,Elyse.g.Cravatta@gmail.com,+1971-013-1298,10,4,0
138424,Sarita,l,Risher,UTC -6,Sarita.l.Risher@gmail.com,+1(710)258999,8,1,0
762739,Vashti,D,Nickless,UTC 10,Vashti.D.Nickless@gmail.com,+551016365352,7,1,0
901474,Hanna,J,Shorthair,UTC 0,Hanna.J.Shorthair@gmail.com,561-242-51,7,5,1
228929,Delila,p,Maurin,UTC 0,Delila.p.Maurin@gmail.com,+729647326243,6,1,0
399972,Rocio,q,Kosa,UTC 11,Rocio.q.Kosa@gmail.com,8059161397,5,3,0
366244,Ruthanne,s,Ebrani,UTC -12,Ruthanne.s.Ebrani@gmail.com,572-465-7225,11,0,0
967466,Elijah,v,Hoesly,UTC 12,Elijah.v.Hoesly@gmail.com,9870718156,10,1,0
200327,Margaret,O,Druetta,UTC 4,Margaret.O.Druetta@gmail.com,9707795789,11,3,0
707575,Delta,t,Tocchio,UTC 6,Delta.t.Tocchio@gmail.com,715114890,7,3,0
988075,Vernia,g,Clarbour,UTC 7,Vernia.g.Clarbour@gmail.com,(569)6179346,6,4,0
224691,Jeffie,x,Mazin,UTC 1,Jeffie.x.Mazin@gmail.com,9048778279,13,4,0
313448,Theodore,q,Wolfensperger,UTC 5,Theodore.q.Wolfensperger@gmail.com,+90313-328-4413,9,2,0
672066,Kirstie,k,Gotta,UTC 0,Kirstie.k.Gotta@gmail.com,+1(159)1000942,4,1,2
289750,Lucilla,e,Mcfarlain,UTC -4,Lucilla.e.Mcfarlain@gmail.com,(945)1439467,8,4,0
313980,Micheline,x,Cracraft,UTC -1,Micheline.x.Cracraft@gmail.com,+1(783)2257550,13,1,1
445073,Roma,C,Nahrwold,UTC -11,Roma.C.Nahrwold@gmail.com,(127)-289-1710,3,1,0
262401,Almeta,H,Stensland,UTC -7,Almeta.H.Stensland@gmail.com,(455)2514289,9,3,0
335377,Jacinda,V,Waterman,UTC 10,Jacinda.V.Waterman@gmail.com,+19778245427,10,3,1
211241,Emerald,v,Corzo,UTC 10,Emerald.v.Corzo@gmail.com,323-887-2965,7,2,0
79187,Lulu,J,Colleen,UTC 7,Lulu.J.Colleen@gmail.com,+57(167)0475850,10,2,0
694799,Rosio,C,Purtee,UTC 10,Rosio.C.Purtee@gmail.com,335-873-9782,8,1,1
494876,Georgene,q,Teesdale,UTC 5,Georgene.q.Teesdale@gmail.com,+1935-293-2611,8,3,0
831568,Maria,i,Puchalla,UTC 4,Maria.i.Puchalla@gmail.com,677-518-7236,8,2,0
711677,Jules,Z,Dini,UTC 3,Jules.Z.Dini@gmail.com,+47246-046-9769,8,2,0
792585,Mack,X,Veltkamp,UTC -10,Mack.X.Veltkamp@gmail.com,710-380-7118,8,2,0
893328,Deloras,n,Slavick,UTC 4,Deloras.n.Slavick@gmail.com,943-143-0509,7,3,1
662833,Amado,D,Slomba,UTC 0,Amado.D.Slomba@gmail.com,(247)7350894,6,1,2
847555,Tandra,h,Fansher,UTC 4,Tandra.h.Fansher@gmail.com,+451727491261,4,5,0
958053,Leisa,R,Mins,UTC -3,Leisa.R.Mins@gmail.com,(308)4015487,13,3,0
461940,Lyndon,X,Trnong,UTC 6,Lyndon.X.Trnong@gmail.com,4992662115,6,3,0
450981,Berneice,U,Tunnicliff,UTC 9,Berneice.U.Tunnicliff@gmail.com,(845)-355-0856,8,1,0
479160,Josephina,X,Canzoneri,UTC 8,Josephina.X.Canzoneri@gmail.com,+11771-726-3579,3,2,0
72867,Albertina,s,Embry,UTC -9,Albertina.s.Embry@gmail.com,733-393-3629,11,4,0
863017,Mona,C,Jeter,UTC -8,Mona.C.Jeter@gmail.com,2033227837,6,2,0
806021,Nida,q,Jens,UTC -12,Nida.q.Jens@gmail.com,3793827717,9,4,0
437895,Adan,I,Stinemetz,UTC -4,Adan.I.Stinemetz@gmail.com,6923646571,7,1,0
902952,Broderick,h,Salles,UTC -11,Broderick.h.Salles@gmail.com,(386)4073586,9,3,0
453363,Marin,Z,Kothakota,UTC 6,Marin.Z.Kothakota@gmail.com,573-345-5740,5,2,0
797521,Franchesca,U,Manzo,UTC -1,Franchesca.U.Manzo@gmail.com,(395)5024578,2,1,0
166676,Tatyana,u,Dockum,UTC -12,Tatyana.u.Dockum@gmail.com,+588942720775,8,3,0
163803,Sharie,N,Oris,UTC 10,Sharie.N.Oris@gmail.com,3303576017,12,6,1
220524,Vennie,H,Deckelbaum,UTC -6,Vennie.H.Deckelbaum@gmail.com,(325)-725-973,14,1,1
788874,Daphne,z,Seabert,UTC 11,Daphne.z.Seabert@gmail.com,4039606176,10,3,0
740629,Jim,L,Faltz,UTC -6,Jim.L.Faltz@gmail.com,4349797152,9,2,1
321016,Benny,d,Obrecht,UTC 0,Benny.d.Obrecht@gmail.com,(+65)(704)-489-4418,3,1,0
592703,Lee,V,Mihalios,UTC -8,Lee.V.Mihalios@gmail.com,+34(649)3076216,7,3,0
77236,Bettie,G,Tsasie,UTC 8,Bettie.G.Tsasie@gmail.com,(986)722857,10,0,0
427115,Patricia,b,Buman,UTC -11,Patricia.b.Buman@gmail.com,+1(813)653479,4,2,0
768979,Rey,g,Kerger,UTC -6,Rey.g.Kerger@gmail.com,(+1)(924)-989-7369,4,2,0
490767,Jennifer,D,Chhoun,UTC -9,Jennifer.D.Chhoun@gmail.com,5345441482,7,3,0
538513,Regan,H,Roszales,UTC 5,Regan.H.Roszales@gmail.com,5916521201,6,3,0
576901,Clarinda,W,Beckles,UTC -6,Clarinda.W.Beckles@gmail.com,+27(756)6707808,7,4,1
308457,Jonnie,Z,Altenbach,UTC -10,Jonnie.Z.Altenbach@gmail.com,+33643-739-6164,12,3,0
795056,Mistie,v,Zerring,UTC -2,Mistie.v.Zerring@gmail.com,+69889-642-6593,8,3,0
722054,Bernarda,I,Velardi,UTC 8,Bernarda.I.Velardi@gmail.com,529-818-8654,9,2,0
934516,Matilda,t,Scharff,UTC -12,Matilda.t.Scharff@gmail.com,+397717149202,11,2,0
641162,Johana,X,Guinan,UTC -5,Johana.X.Guinan@gmail.com,+1(418)0663633,8,0,1
364376,Reiko,b,Larubbio,UTC -3,Reiko.b.Larubbio@gmail.com,3438812381,11,1,0
879011,Rana,q,Mancera,UTC 12,Rana.q.Mancera@gmail.com,(495)0905695,12,1,0
43048,Kenna,x,Hazouri,UTC -3,Kenna.x.Hazouri@gmail.com,+58544-441-2234,11,0,0
775177,Hortense,s,Slavick,UTC -9,Hortense.s.Slavick@gmail.com,+68(556)974977,8,1,0
142952,Lizzie,j,Sweda,UTC 2,Lizzie.j.Sweda@gmail.com,577-054-6408,6,4,0
512995,Tawnya,G,Vautrin,UTC 9,Tawnya.G.Vautrin@gmail.com,(133)-587-4827,7,4,0
96991,Samatha,Q,Colt,UTC 10,Samatha.Q.Colt@gmail.com,3448786712,13,4,0
451777,Tera,z,Kurylo,UTC 10,Tera.z.Kurylo@gmail.com,992-987-8523,9,4,0
986289,Faye,m,Garfinkle,UTC -11,Faye.m.Garfinkle@gmail.com,+39900-720-8570,7,5,0
932603,Ty,F,Alsobrook,UTC 12,Ty.F.Alsobrook@gmail.com,(921)7965518,6,1,1
678575,Myong,E,Bollman,UTC -5,Myong.E.Bollman@gmail.com,8290959481,7,4,0
213212,Erin,K,Locsin,UTC -6,Erin.K.Locsin@gmail.com,(945)3124255,4,0,0
687779,Willie,H,Stemmler,UTC 12,Willie.H.Stemmler@gmail.com,(127)231946,9,5,0
200843,Tiera,y,Housewright,UTC -12,Tiera.y.Housewright@gmail.com,357364915,12,2,1
322660,Sharen,h,Pickenpaugh,UTC -11,Sharen.h.Pickenpaugh@gmail.com,498-743-3954,9,0,2
861795,Lien,i,Tattersall,UTC -8,Lien.i.Tattersall@gmail.com,2098918357,7,3,0
909576,Marilou,U,Musco,UTC -1,Marilou.U.Musco@gmail.com,(693)-235-1507,8,1,0
54156,Zana,i,Hilzer,UTC -10,Zana.i.Hilzer@gmail.com,+56(283)1511852,14,2,1
812684,Malcolm,K,Cainglit,UTC -2,Malcolm.K.Cainglit@gmail.com,(792)5888543,5,5,0
855239,Lana,B,Bottcher,UTC 5,Lana.B.Bottcher@gmail.com,(+1)(232)-032-0964,9,7,0
647278,Lakisha,O,Darley,UTC 2,Lakisha.O.Darley@gmail.com,(695)9199039,5,3,1
746137,Sharri,r,Sharrieff,UTC 8,Sharri.r.Sharrieff@gmail.com,(+12)(657)-571-403,12,3,0
148549,Lucio,p,Debore,UTC 11,Lucio.p.Debore@gmail.com,9473739142,12,1,0
78296,Layla,E,Larochelle,UTC 4,Layla.E.Larochelle@gmail.com,205-586-2253,6,4,0
104541,Yasuko,t,Sandstrom,UTC -1,Yasuko.t.Sandstrom@gmail.com,(152)5257020,15,2,0
983434,Cayla,X,Macvean,UTC 1,Cayla.X.Macvean@gmail.com,(+1)(287)-946-893,6,4,1
450030,Hanh,e,Goldfield,UTC -2,Hanh.e.Goldfield@gmail.com,+19(955)5941017,7,2,0
942549,Claudie,I,Puma,UTC -5,Claudie.I.Puma@gmail.com,+1287-992-5267,5,3,0
481015,Garry,C,Judah,UTC -1,Garry.C.Judah@gmail.com,1060302826,5,3,0
859822,Joe,q,Starry,UTC 12,Joe.q.Starry@gmail.com,(189)-447-4503,8,1,1
10541,Doria,n,Boatwright,UTC -11,Doria.n.Boatwright@gmail.com,233-591-407,7,5,0
812077,Shonta,u,Winnie,UTC 2,Shonta.u.Winnie@gmail.com,(986)6390549,4,5,0
405530,Polly,E,Hippley,UTC -3,Polly.E.Hippley@gmail.com,3533188125,11,2,1
575723,Shalanda,Z,Goodfriend,UTC 12,Shalanda.Z.Goodfriend@gmail.com,(595)7643175,11,2,1
186264,Zana,u,Arkontaky,UTC 10,Zana.u.Arkontaky@gmail.com,+259782452151,6,1,0
794036,April,k,Randoll,UTC 3,April.k.Randoll@gmail.com,7591068144,10,1,0
376350,Geraldine,Z,Pendill,UTC 8,Geraldine.Z.Pendill@gmail.com,+12307575345,11,3,0
831597,Efren,w,Ebo,UTC 10,Efren.w.Ebo@gmail.com,(929)-604-2278,13,1,0
17580,Denver,p,Auston,UTC -2,Denver.p.Auston@gmail.com,771-879-2572,6,3,0
582491,Malia,M,Hafenbrack,UTC 8,Malia.M.Hafenbrack@gmail.com,+3(109)4369116,8,4,0
291330,Vashti,m,Vanarsdale,UTC -8,Vashti.m.Vanarsdale@gmail.com,(866)-781-9673,6,2,0
356226,Korey,Y,Cacy,UTC 1,Korey.Y.Cacy@gmail.com,7671971212,8,3,1
720427,Carita,P,Masino,UTC -8,Carita.P.Masino@gmail.com,+1(706)8214783,9,3,1
867104,Kelly,I,Potterson,UTC 12,Kelly.I.Potterson@gmail.com,2421942798,8,0,0
234253,Rikki,Q,Napps,UTC -8,Rikki.Q.Napps@gmail.com,466-716-7203,13,3,1
978456,Erich,k,Dubyk,UTC 1,Erich.k.Dubyk@gmail.com,7039740169,11,1,0
619652,Shanita,Y,Co,UTC 3,Shanita.Y.Co@gmail.com,727-572-0135,9,1,0
279007,Delois,W,Littleton,UTC 3,Delois.W.Littleton@gmail.com,(308)-407-2950,8,2,0
206089,Williams,G,Rimm,UTC 2,Williams.G.Rimm@gmail.com,+1(613)7536941,9,3,1
412047,Keena,l,Loveridge,UTC 2,Keena.l.Loveridge@gmail.com,3837992324,3,2,0
140013,Genevive,v,Ballantyne,UTC 0,Genevive.v.Ballantyne@gmail.com,(138)-372-5212,5,3,0
445645,Corrina,B,Juliana,UTC -3,Corrina.B.Juliana@gmail.com,(280)-189-7418,8,1,3
979978,Griselda,M,Langholz,UTC 9,Griselda.M.Langholz@gmail.com,(561)6913714,6,4,0
240690,Delphia,y,Shaffstall,UTC 4,Delphia.y.Shaffstall@gmail.com,(363)257717,12,4,0
160608,Lia,m,Figg,UTC -3,Lia.m.Figg@gmail.com,774-927-3854,4,2,0
40136,Alfonso,w,Gero,UTC 3,Alfonso.w.Gero@gmail.com,+1967-744-3684,5,7,0
70127,Lowell,f,Fetter,UTC -12,Lowell.f.Fetter@gmail.com,+1918-993-5617,9,3,0
159222,Damion,j,Jubert,UTC -12,Damion.j.Jubert@gmail.com,+32(998)6290403,12,0,0
154159,Rosana,C,Kerkman,UTC 5,Rosana.C.Kerkman@gmail.com,(137)-341-1740,7,3,0
587682,Anneliese,y,Nessen,UTC -8,Anneliese.y.Nessen@gmail.com,+1(762)2441488,9,5,2
6138,Retta,P,Hoerner,UTC 8,Retta.P.Hoerner@gmail.com,(+5)(331)-358-8992,6,2,0
983029,Damian,i,Iuliano,UTC 4,Damian.i.Iuliano@gmail.com,443-177-6087,14,3,0
713155,Mathilda,Y,Degasperis,UTC -3,Mathilda.Y.Degasperis@gmail.com,143-201-7181,8,4,0
118344,Geneva,e,Larranaga,UTC -3,Geneva.e.Larranaga@gmail.com,+15181010774,2,2,0
255639,Ebony,c,Natividad,UTC -3,Ebony.c.Natividad@gmail.com,3443457409,6,4,1
133219,Maddie,Y,Meneely,UTC -2,Maddie.Y.Meneely@gmail.com,(500)-826-7830,7,1,0
468177,Kali,N,Belliveau,UTC -12,Kali.N.Belliveau@gmail.com,(955)-975-8913,6,1,0
919408,David,F,Bugh,UTC -1,David.F.Bugh@gmail.com,(767)-476-7304,10,1,0
471833,Bibi,T,Osmera,UTC 8,Bibi.T.Osmera@gmail.com,(764)2102339,9,1,0
33512,Toccara,U,Culverhouse,UTC 3,Toccara.U.Culverhouse@gmail.com,(692)-182-965,9,5,1
425069,Florene,v,Frasso,UTC 6,Florene.v.Frasso@gmail.com,(192)7038360,10,1,0
533291,Nathan,I,Courteau,UTC 8,Nathan.I.Courteau@gmail.com,(651)-003-8205,10,4,0
193925,Juan,r,Muise,UTC 7,Juan.r.Muise@gmail.com,822-962-6728,17,4,0
588567,Glynda,w,Torelli,UTC 6,Glynda.w.Torelli@gmail.com,(375)3358082,7,6,0
900523,Rochel,Z,Starkey,UTC -6,Rochel.Z.Starkey@gmail.com,(824)-760-9053,10,4,0
616195,Eugene,t,Stonier,UTC 7,Eugene.t.Stonier@gmail.com,+3(958)2203482,10,3,1
692398,Alfreda,A,Sachleben,UTC 2,Alfreda.A.Sachleben@gmail.com,7379597054,3,5,0
260060,Arie,J,Monnin,UTC 11,Arie.J.Monnin@gmail.com,+18843373538,4,2,0
337454,Marcela,f,Gunderson,UTC 8,Marcela.f.Gunderson@gmail.com,(588)8144213,14,1,0
138270,Sonja,N,Domina,UTC 1,Sonja.N.Domina@gmail.com,(768)-427-381,9,3,1
358234,Katelynn,s,Simeona,UTC 6,Katelynn.s.Simeona@gmail.com,1675396702,7,5,0
478407,Katina,g,Terris,UTC 8,Katina.g.Terris@gmail.com,(366)7843451,7,3,1
302886,Louie,V,Riesland,UTC -11,Louie.V.Riesland@gmail.com,(+1)(296)-186-5934,10,2,0
522950,Rufus,i,Letteney,UTC -5,Rufus.i.Letteney@gmail.com,(928)7714237,10,2,0
161202,Alton,z,Mcgloin,UTC -5,Alton.z.Mcgloin@gmail.com,+313076754169,10,1,1
142214,Adalberto,v,Bierbaum,UTC 2,Adalberto.v.Bierbaum@gmail.com,(609)355948,3,1,0
641276,Dawna,z,Aridas,UTC 10,Dawna.z.Aridas@gmail.com,2855609859,6,3,0
185815,Jerica,p,Mardis,UTC 5,Jerica.p.Mardis@gmail.com,(811)8940968,8,3,0
344497,Wilhemina,M,Sia,UTC 8,Wilhemina.M.Sia@gmail.com,1561961799,8,1,1
79772,Mafalda,o,Schubert,UTC -7,Mafalda.o.Schubert@gmail.com,954-700-3519,8,2,0
893626,Mickey,P,Cavendish,UTC -12,Mickey.P.Cavendish@gmail.com,+49(214)6623280,13,1,0
212549,Lowell,d,Bonaventura,UTC 6,Lowell.d.Bonaventura@gmail.com,(166)-369-8669,8,2,0
410168,Vito,s,Spach,UTC -10,Vito.s.Spach@gmail.com,(334)-269-7465,11,4,2
356335,Alice,X,Wendling,UTC -4,Alice.X.Wendling@gmail.com,(+1)(152)-690-3820,12,1,2
473668,Alejandra,v,Lorge,UTC 1,Alejandra.v.Lorge@gmail.com,884-698-6131,9,3,0
887355,Pia,h,Wimpee,UTC 6,Pia.h.Wimpee@gmail.com,+45635-159-9433,11,2,0
177875,Minda,K,Kanaris,UTC 5,Minda.K.Kanaris@gmail.com,345249763,15,1,1
604480,Shonna,B,Polaski,UTC -5,Shonna.B.Polaski@gmail.com,(600)-642-5027,7,5,0
935878,Zaida,A,Stinebuck,UTC 7,Zaida.A.Stinebuck@gmail.com,(794)6610303,5,3,0
505848,Romona,I,Arollo,UTC -10,Romona.I.Arollo@gmail.com,(205)5404938,5,3,1
852650,Shemika,Q,Jolley,UTC -5,Shemika.Q.Jolley@gmail.com,443-086-2990,9,4,0
262194,Brandee,D,Betenbaugh,UTC -11,Brandee.D.Betenbaugh@gmail.com,+17088547716,8,3,0
360860,Corrie,y,Taddei,UTC 1,Corrie.y.Taddei@gmail.com,(366)-450-39,9,1,1
3410,Noelia,W,Belfiore,UTC -2,Noelia.W.Belfiore@gmail.com,8736717054,14,4,0
256293,Ariane,s,Elmore,UTC -10,Ariane.s.Elmore@gmail.com,+15904-182-0751,10,1,0
889665,Aurore,V,Clarendon,UTC -6,Aurore.V.Clarendon@gmail.com,+16(390)7940739,8,3,0
354205,Gidget,U,Guiliano,UTC -9,Gidget.U.Guiliano@gmail.com,8237736370,6,2,0
85500,Maisie,o,Ude,UTC 10,Maisie.o.Ude@gmail.com,829-882-1042,4,1,1
696111,Arlie,y,Rucki,UTC 6,Arlie.y.Rucki@gmail.com,(+1)(191)-843-0366,8,1,1
372003,Tommie,o,Heagany,UTC 11,Tommie.o.Heagany@gmail.com,(717)7866475,9,3,0
5585,Arron,i,Tadd,UTC 6,Arron.i.Tadd@gmail.com,(525)4308306,9,0,0
328941,Masako,C,Boddy,UTC 5,Masako.C.Boddy@gmail.com,(193)-079-0525,9,0,0
467204,Magda,u,Richer,UTC -8,Magda.u.Richer@gmail.com,5337480702,9,4,0
765264,Phyliss,d,Husch,UTC -9,Phyliss.d.Husch@gmail.com,(253)9052029,4,2,1
760440,Ashanti,F,Hurni,UTC -7,Ashanti.F.Hurni@gmail.com,+402066388627,9,2,0
293946,Vennie,B,Bork,UTC 8,Vennie.B.Bork@gmail.com,(643)2156251,4,1,0
294657,Mimi,a,Romines,UTC -7,Mimi.a.Romines@gmail.com,(405)2618558,6,5,0
634542,America,R,Ivaska,UTC 3,America.R.Ivaska@gmail.com,+946058723100,9,1,0
503013,Elmira,x,Lieu,UTC 4,Elmira.x.Lieu@gmail.com,+78(416)4272345,14,3,0
972751,Cecila,v,Mccornack,UTC 10,Cecila.v.Mccornack@gmail.com,+19609205792,9,0,0
358214,Etha,v,Aydelott,UTC 10,Etha.v.Aydelott@gmail.com,831-862-5560,14,1,0
676125,Ira,F,Rustad,UTC 3,Ira.F.Rustad@gmail.com,(531)-710-6626,8,3,2
797663,Mitchell,a,Berner,UTC 9,Mitchell.a.Berner@gmail.com,+53(929)9710429,8,4,0
806394,Floyd,d,Atha,UTC -7,Floyd.d.Atha@gmail.com,(223)-748-3928,6,4,0
215762,Emiko,X,Pesavento,UTC 1,Emiko.X.Pesavento@gmail.com,(773)-153-6229,3,3,0
311941,Jesusita,x,Swatloski,UTC -9,Jesusita.x.Swatloski@gmail.com,9897002177,7,3,0
173804,Theda,Q,Jacquier,UTC 4,Theda.Q.Jacquier@gmail.com,(940)3114410,12,4,0
465741,Lucas,c,Thoburn,UTC -4,Lucas.c.Thoburn@gmail.com,415-434-5186,5,1,0
765292,Mavis,l,Esquivez,UTC -11,Mavis.l.Esquivez@gmail.com,(694)4925958,9,3,0
144354,Winona,k,Bussink,UTC 8,Winona.k.Bussink@gmail.com,(942)6553908,11,2,2
464981,Barney,H,Slagter,UTC 8,Barney.H.Slagter@gmail.com,(353)-198-285,13,0,0
140208,Trista,I,Kellywood,UTC -8,Trista.I.Kellywood@gmail.com,(482)-159-2913,6,2,1
739720,Fernanda,X,Kurcaba,UTC -9,Fernanda.X.Kurcaba@gmail.com,(501)-160-056,13,3,1
133003,Lane,f,Lutman,UTC 11,Lane.f.Lutman@gmail.com,110-207-3394,8,1,1
40385,Brady,J,Elsbury,UTC -7,Brady.J.Elsbury@gmail.com,+1999-031-3218,12,1,0
908844,Christian,H,Dunavant,UTC 12,Christian.H.Dunavant@gmail.com,(428)3049444,4,2,0
110107,Kristy,y,Escorcia,UTC -5,Kristy.y.Escorcia@gmail.com,(400)-830-2418,8,2,0
338210,Glendora,r,Pribish,UTC -3,Glendora.r.Pribish@gmail.com,961-345-6764,13,2,1
694537,Glenn,D,Dresbach,UTC -3,Glenn.D.Dresbach@gmail.com,1510562782,11,2,0
243189,Luz,q,Sanchez,UTC 6,Luz.q.Sanchez@gmail.com,(+1)(655)-742-2712,10,0,0
557110,Henry,Q,Bancroft,UTC -7,Henry.Q.Bancroft@gmail.com,+1(882)2928348,6,5,1
665974,Eugene,Y,Eddy,UTC -6,Eugene.Y.Eddy@gmail.com,9372966470,7,4,0
97218,Brett,Z,Hadfield,UTC -4,Brett.Z.Hadfield@gmail.com,+728287882549,9,1,0
147362,Lonnie,H,Stfleur,UTC -3,Lonnie.H.Stfleur@gmail.com,+60(893)0299888,14,2,0
684017,Amber,X,Cavanah,UTC -9,Amber.X.Cavanah@gmail.com,161-862-3419,8,4,0
425926,Julissa,E,Marland,UTC -3,Julissa.E.Marland@gmail.com,+473733824325,7,0,1
498840,Desmond,P,Nealeigh,UTC -2,Desmond.P.Nealeigh@gmail.com,(264)2765246,12,0,1
87850,Esta,D,Hammers,UTC -5,Esta.D.Hammers@gmail.com,982-855-3920,9,5,0
799802,Jaquelyn,d,Garuti,UTC 3,Jaquelyn.d.Garuti@gmail.com,+805233336758,3,2,1
522368,Sherley,T,Chisum,UTC 6,Sherley.T.Chisum@gmail.com,(493)7382666,6,3,0
111385,Kyung,m,Nerio,UTC 10,Kyung.m.Nerio@gmail.com,1148194247,8,4,0
735691,Yetta,o,Dears,UTC 6,Yetta.o.Dears@gmail.com,208-542-4467,17,2,0
621257,Elisabeth,h,Bonadona,UTC -7,Elisabeth.h.Bonadona@gmail.com,(+32)(963)-099-9233,10,3,0
68605,Sandie,H,Konigsberg,UTC -3,Sandie.H.Konigsberg@gmail.com,4502055246,10,1,0
814044,Santa,Y,Rosebrock,UTC 1,Santa.Y.Rosebrock@gmail.com,(133)964935,10,4,0
448874,Wilfred,u,Gladu,UTC -4,Wilfred.u.Gladu@gmail.com,1280580878,9,3,0
195823,Buffy,g,Piganelli,UTC 4,Buffy.g.Piganelli@gmail.com,(209)-939-5020,12,2,1
570677,Maryrose,I,Heras,UTC 6,Maryrose.I.Heras@gmail.com,(781)7748273,7,1,0
926075,Shalon,I,Rump,UTC -8,Shalon.I.Rump@gmail.com,+22437-163-0837,10,5,0
132771,Audie,c,Torrence,UTC -4,Audie.c.Torrence@gmail.com,(331)-441-2144,6,3,1
667048,Tanner,T,Cimmino,UTC -2,Tanner.T.Cimmino@gmail.com,806-556-9563,4,3,0
603967,George,V,Stroebel,UTC -1,George.V.Stroebel@gmail.com,369-682-1429,9,1,0
114614,Ella,u,Schenewerk,UTC 0,Ella.u.Schenewerk@gmail.com,745-184-6254,6,2,0
586548,Guy,i,Kirshner,UTC 8,Guy.i.Kirshner@gmail.com,597-224-1421,9,2,0
339261,Donovan,d,Aceituno,UTC 3,Donovan.d.Aceituno@gmail.com,776-626-4174,5,1,2
10301,Digna,q,Lavigna,UTC -5,Digna.q.Lavigna@gmail.com,3457065117,13,2,0
613766,Chrystal,D,Jefcoat,UTC 8,Chrystal.D.Jefcoat@gmail.com,226-195-4111,5,1,0
728089,Temeka,m,Horridge,UTC -8,Temeka.m.Horridge@gmail.com,7190365244,15,5,0
701564,Oneida,C,Henry,UTC -10,Oneida.C.Henry@gmail.com,1810485696,6,0,2
738623,Lionel,n,Sardina,UTC -3,Lionel.n.Sardina@gmail.com,943387169,11,3,0
656547,Carlo,N,Lauby,UTC 0,Carlo.N.Lauby@gmail.com,(387)-940-1666,8,3,1
7574,Rachele,w,Struebing,UTC 8,Rachele.w.Struebing@gmail.com,+262714574155,11,1,0
409923,Cherrie,U,Eady,UTC 11,Cherrie.U.Eady@gmail.com,+1475-595-3100,6,2,0
803553,Charlesetta,l,Strubbe,UTC -3,Charlesetta.l.Strubbe@gmail.com,(341)7104121,5,3,0
471901,Carolann,Q,Latterell,UTC -6,Carolann.Q.Latterell@gmail.com,485-519-0877,6,1,0
728945,Kirsten,j,Umfleet,UTC -11,Kirsten.j.Umfleet@gmail.com,+631685191638,8,4,0
444474,Eldora,E,Laurange,UTC 5,Eldora.E.Laurange@gmail.com,(564)-297-8886,5,3,1
184112,Jacquie,E,Birtwell,UTC 1,Jacquie.E.Birtwell@gmail.com,(926)4517277,8,4,0
624661,Jackeline,a,Matney,UTC -6,Jackeline.a.Matney@gmail.com,843-664-3711,8,2,0
509690,Shamika,O,Saleado,UTC -9,Shamika.O.Saleado@gmail.com,204-005-4598,13,3,1
591668,Sanford,f,Butteris,UTC 11,Sanford.f.Butteris@gmail.com,+1(548)0540311,9,3,0
290502,Ryan,P,Nicholson,UTC -11,Ryan.P.Nicholson@gmail.com,(125)-662-8836,5,1,0
754732,Christel,h,Brong,UTC 12,Christel.h.Brong@gmail.com,8928353408,10,1,0
689102,Kizzie,G,Heutmaker,UTC -1,Kizzie.G.Heutmaker@gmail.com,3031510316,6,3,0
415175,Digna,s,Nickel,UTC -11,Digna.s.Nickel@gmail.com,5692422239,12,2,0
960494,Carmela,G,Mcmullins,UTC 9,Carmela.G.Mcmullins@gmail.com,(+77)(210)-853-5876,5,2,0
605664,Yuriko,K,Mortland,UTC -9,Yuriko.K.Mortland@gmail.com,(867)-663-0172,12,0,0
726633,Neoma,j,Pfluger,UTC -4,Neoma.j.Pfluger@gmail.com,(311)-160-1914,5,2,0
613125,Trudy,x,Smedsrud,UTC 11,Trudy.x.Smedsrud@gmail.com,(+42)(236)-468-1606,7,1,0
477154,Salena,x,Tallant,UTC -12,Salena.x.Tallant@gmail.com,(481)0693494,8,4,0
815137,Felisha,R,Echard,UTC -5,Felisha.R.Echard@gmail.com,739-134-4971,14,2,0
648274,Nydia,m,Demme,UTC -5,Nydia.m.Demme@gmail.com,+13267719852,11,3,2
991914,Spencer,v,Shelter,UTC 11,Spencer.v.Shelter@gmail.com,+74(690)3950906,6,5,1
396970,Keira,P,Virani,UTC -4,Keira.P.Virani@gmail.com,(709)9632807,8,1,0
219911,Twila,G,Scobie,UTC 10,Twila.G.Scobie@gmail.com,726-516-8835,4,4,0
112767,Carola,F,Labarr,UTC -2,Carola.F.Labarr@gmail.com,217-185-3422,12,2,0
880759,Marion,U,Vera,UTC 6,Marion.U.Vera@gmail.com,(206)-077-2518,9,1,0
487519,Lenita,n,Brymer,UTC 7,Lenita.n.Brymer@gmail.com,+40(672)421842,9,1,0
764366,Laurel,o,Wynans,UTC 7,Laurel.o.Wynans@gmail.com,(992)-840-0961,6,2,1
137329,Danilo,N,Sivalia,UTC 10,Danilo.N.Sivalia@gmail.com,2567031628,8,2,0
683273,Orpha,T,Illovsky,UTC -10,Orpha.T.Illovsky@gmail.com,+1(512)0674569,7,3,0
833834,Janet,Z,Donlon,UTC 1,Janet.Z.Donlon@gmail.com,263424217,9,4,0
588850,Caleb,Y,Bansmer,UTC 6,Caleb.Y.Bansmer@gmail.com,3590282051,8,2,2
807296,Georgiana,T,Briggs,UTC -7,Georgiana.T.Briggs@gmail.com,(+1)(455)-955-8049,8,2,0
767019,Danial,R,Cataquet,UTC -10,Danial.R.Cataquet@gmail.com,8301762459,12,2,0
512897,Kenya,S,Will,UTC -6,Kenya.S.Will@gmail.com,(445)-574-0851,7,1,0
932008,Linwood,n,Mushett,UTC -8,Linwood.n.Mushett@gmail.com,(881)4904606,14,2,1
572768,Chantelle,H,Fehrman,UTC 0,Chantelle.H.Fehrman@gmail.com,(113)-310-6270,3,1,0
52993,Ivory,m,Rieth,UTC -6,Ivory.m.Rieth@gmail.com,998-369-0145,6,2,1
878149,Daniell,A,Tillotson,UTC -7,Daniell.A.Tillotson@gmail.com,(269)4356400,4,3,0
406907,Enrique,t,Stanage,UTC -1,Enrique.t.Stanage@gmail.com,+1(464)6745351,10,4,1
915864,Evelia,F,Swiderski,UTC -3,Evelia.F.Swiderski@gmail.com,+90(211)7942155,8,3,0
638597,Rosamaria,L,Dilallo,UTC 9,Rosamaria.L.Dilallo@gmail.com,2954242019,14,3,0
150139,Aura,P,Linman,UTC 10,Aura.P.Linman@gmail.com,+719978902322,13,7,0
12887,King,x,Paraz,UTC 10,King.x.Paraz@gmail.com,539-547-3046,5,2,0
57197,Ahmed,W,Martenez,UTC -6,Ahmed.W.Martenez@gmail.com,3580379141,9,2,0
441116,Alfredo,j,Freistuhler,UTC 4,Alfredo.j.Freistuhler@gmail.com,(507)7951507,6,3,0
358093,Salome,w,Defiglio,UTC -10,Salome.w.Defiglio@gmail.com,(769)7129812,7,1,0
856093,Loan,C,Hiett,UTC 4,Loan.C.Hiett@gmail.com,(914)5733509,16,2,0
390135,Mattie,L,Dewater,UTC -5,Mattie.L.Dewater@gmail.com,+363271202599,3,4,0
811713,Louella,P,Rister,UTC 6,Louella.P.Rister@gmail.com,+8(699)6611345,13,2,0
289650,Asley,U,Melland,UTC -10,Asley.U.Melland@gmail.com,(156)-700-1382,11,5,0
940779,Laverne,B,Sharpley,UTC 9,Laverne.B.Sharpley@gmail.com,(576)-174-9828,11,2,0
11052,Renna,Z,Dople,UTC 10,Renna.Z.Dople@gmail.com,431-922-5564,7,1,2
604962,Kathlene,N,Blind,UTC -11,Kathlene.N.Blind@gmail.com,1056915455,17,5,0
415568,Albert,P,Mckaughan,UTC -2,Albert.P.Mckaughan@gmail.com,(985)-779-1237,9,2,1
165394,Merrilee,q,Beedy,UTC -7,Merrilee.q.Beedy@gmail.com,(325)-707-8454,8,3,0
450389,Aleshia,O,Kilborne,UTC 10,Aleshia.O.Kilborne@gmail.com,(201)-373-1361,4,2,0
365551,Joshua,V,Yehl,UTC 12,Joshua.V.Yehl@gmail.com,(270)-450-6686,8,6,0
244830,Aubrey,j,Nedman,UTC -9,Aubrey.j.Nedman@gmail.com,3106906545,12,0,0
171878,Carl,S,Slockbower,UTC -4,Carl.S.Slockbower@gmail.com,898132673,10,1,0
425371,Imelda,p,Magnett,UTC 11,Imelda.p.Magnett@gmail.com,6290526353,6,3,1
297705,Leigh,w,Foersterling,UTC 1,Leigh.w.Foersterling@gmail.com,(502)-083-3427,6,3,0
957257,Hisako,s,Jennins,UTC -8,Hisako.s.Jennins@gmail.com,(961)-433-2240,6,3,1
356738,Shawn,Y,Pekrul,UTC -2,Shawn.Y.Pekrul@gmail.com,+86(744)367767,14,2,0
691985,Denna,h,Schiver,UTC 7,Denna.h.Schiver@gmail.com,(+51)(211)-616-6844,9,4,0
926234,Kymberly,A,Bonenberger,UTC 1,Kymberly.A.Bonenberger@gmail.com,8535180017,8,4,0
686354,Dusty,b,Okimoto,UTC -8,Dusty.b.Okimoto@gmail.com,+70445-226-8857,8,2,1
123367,Veola,V,Tenebruso,UTC 5,Veola.V.Tenebruso@gmail.com,(+1)(606)-912-8370,4,0,0
413991,Mikaela,g,Mantuano,UTC -1,Mikaela.g.Mantuano@gmail.com,(836)-520-8922,10,4,1
435521,Armanda,y,Noakes,UTC 12,Armanda.y.Noakes@gmail.com,(752)-768-1873,8,0,0
387669,Margurite,S,Iburg,UTC -11,Margurite.S.Iburg@gmail.com,+27494-984-3905,9,2,1
368085,Phillis,B,Oetting,UTC 2,Phillis.B.Oetting@gmail.com,(+1)(323)-527-3287,9,4,0
328466,Stephaine,p,Studer,UTC 3,Stephaine.p.Studer@gmail.com,+747348222751,7,2,0
92084,Celsa,k,Vrbas,UTC -4,Celsa.k.Vrbas@gmail.com,347-411-2809,12,0,1
487917,Scotty,d,Muyskens,UTC -6,Scotty.d.Muyskens@gmail.com,880-270-7230,4,2,1
630432,Suzi,L,Halcom,UTC 2,Suzi.L.Halcom@gmail.com,+1183678247,7,2,2
340016,Selena,N,Lamon,UTC 5,Selena.N.Lamon@gmail.com,2450512672,11,2,0
298746,Andrew,w,Verret,UTC 0,Andrew.w.Verret@gmail.com,8943611425,4,2,0
421194,Seth,Q,Eaks,UTC -8,Seth.Q.Eaks@gmail.com,(790)2403553,6,3,0
615979,Rafaela,C,Mcconnico,UTC -12,Rafaela.C.Mcconnico@gmail.com,5187960915,8,1,0
947572,Shane,q,Belsito,UTC -3,Shane.q.Belsito@gmail.com,6543942625,8,2,0
784900,Malika,B,Popiel,UTC 8,Malika.B.Popiel@gmail.com,+1511-299-0572,6,1,0
22842,Dorris,q,Forbis,UTC 2,Dorris.q.Forbis@gmail.com,(878)-252-2662,12,4,1
669953,Marion,P,Smits,UTC 8,Marion.P.Smits@gmail.com,(+72)(452)-944-6477,5,2,0
716465,Corinne,k,Jecklin,UTC 2,Corinne.k.Jecklin@gmail.com,246-139-0629,7,3,1
305099,Suanne,D,Ellifritz,UTC 7,Suanne.D.Ellifritz@gmail.com,9578789130,5,3,1
630191,Fatima,g,Gentili,UTC 7,Fatima.g.Gentili@gmail.com,+1112-546-030,9,4,0
168407,Eugenie,u,Bizcassa,UTC -8,Eugenie.u.Bizcassa@gmail.com,(888)0115936,10,3,1
441263,Rachelle,D,Matern,UTC -11,Rachelle.D.Matern@gmail.com,(+56)(639)-301-1267,12,1,0
48382,Lasonya,v,Stoke,UTC -12,Lasonya.v.Stoke@gmail.com,277-390-575,4,1,0
833170,Yolando,b,Rashed,UTC 9,Yolando.b.Rashed@gmail.com,(858)7328314,12,5,1
14499,Khalilah,K,Carrazco,UTC -10,Khalilah.K.Carrazco@gmail.com,5283070079,11,1,1
920714,Dionna,B,Beede,UTC 8,Dionna.B.Beede@gmail.com,+8(636)8781063,7,3,0
744693,Robert,L,Jankowiak,UTC 1,Robert.L.Jankowiak@gmail.com,173-884-3936,7,1,0
478194,Mathew,L,Pfarr,UTC -9,Mathew.L.Pfarr@gmail.com,(157)0516655,5,5,0
802018,Bernetta,b,Strait,UTC -10,Bernetta.b.Strait@gmail.com,145-883-9782,7,4,1
648629,Marisela,n,Montie,UTC -6,Marisela.n.Montie@gmail.com,(+1)(166)-545-871,8,2,0
654518,Beverley,Q,Tiznado,UTC -11,Beverley.Q.Tiznado@gmail.com,8336863226,8,4,0
224173,Louie,N,Agent,UTC -8,Louie.N.Agent@gmail.com,365-214-6164,4,2,0
202991,Darron,Y,Strittmatter,UTC -8,Darron.Y.Strittmatter@gmail.com,+83(838)4534548,6,3,0
283080,Allen,Y,Caliguire,UTC -5,Allen.Y.Caliguire@gmail.com,(895)-846-5123,7,0,1
889164,Aurea,i,Dobek,UTC -10,Aurea.i.Dobek@gmail.com,+673856553939,5,5,0
36985,Syble,r,Rohrbaugh,UTC 7,Syble.r.Rohrbaugh@gmail.com,+23708-853-5810,6,2,0
864621,Yukiko,E,Mezzinni,UTC -9,Yukiko.E.Mezzinni@gmail.com,+14599812794,5,2,0
152898,Chantelle,m,Middough,UTC 5,Chantelle.m.Middough@gmail.com,+972012648175,6,5,0
616571,Sonny,Y,Rapone,UTC -5,Sonny.Y.Rapone@gmail.com,+603560774106,8,1,0
633611,Joesph,A,Molleda,UTC 10,Joesph.A.Molleda@gmail.com,294-803-9123,8,1,1
362227,Woodrow,b,Leaper,UTC -3,Woodrow.b.Leaper@gmail.com,4192766068,12,3,0
92716,Breana,G,Umberger,UTC 9,Breana.G.Umberger@gmail.com,+14974600561,9,2,0
369245,Terese,I,Crocetti,UTC 9,Terese.I.Crocetti@gmail.com,(+71)(206)-043-2238,5,5,1
253783,Elenore,k,Gopin,UTC -7,Elenore.k.Gopin@gmail.com,5677416829,6,3,0
647039,Eun,F,Mazzariello,UTC -11,Eun.F.Mazzariello@gmail.com,+22(598)8107656,7,2,1
730458,Usha,P,Varriano,UTC -7,Usha.P.Varriano@gmail.com,+32698784292,6,3,1
70871,Taren,d,Sbarra,UTC 0,Taren.d.Sbarra@gmail.com,661-123-98,1,1,0
356347,Angelo,I,Weitnauer,UTC -2,Angelo.I.Weitnauer@gmail.com,(831)4457720,9,1,1
475769,Yoko,P,Koppen,UTC 9,Yoko.P.Koppen@gmail.com,(736)5162151,4,5,1
44033,Kathaleen,K,Bennick,UTC 6,Kathaleen.K.Bennick@gmail.com,5331129158,11,1,0
745185,Debera,j,Gosso,UTC -10,Debera.j.Gosso@gmail.com,(208)-239-5128,5,2,1
295679,Morgan,n,Kolikas,UTC 11,Morgan.n.Kolikas@gmail.com,(754)0364897,8,4,1
362054,Carlie,Z,Eckels,UTC -6,Carlie.Z.Eckels@gmail.com,(+30)(504)-097-9368,1,4,0
102526,Benedict,N,Toulouse,UTC 10,Benedict.N.Toulouse@gmail.com,+244578390680,7,2,2
589322,Octavio,A,Boas,UTC 0,Octavio.A.Boas@gmail.com,(478)-337-7889,6,2,0
960693,Roy,t,Jenson,UTC -11,Roy.t.Jenson@gmail.com,9430602609,10,3,0
990752,Germaine,O,Argulewicz,UTC 9,Germaine.O.Argulewicz@gmail.com,(193)6511370,3,1,0
885168,Usha,w,Remmie,UTC -9,Usha.w.Remmie@gmail.com,+1727-994-9901,9,1,0
7174,Charlette,D,Rhoads,UTC -10,Charlette.D.Rhoads@gmail.com,(875)-075-5725,5,1,0
548776,Naida,X,Paglio,UTC 2,Naida.X.Paglio@gmail.com,(700)-839-2972,11,4,1
27233,Enoch,y,Giesbrecht,UTC -6,Enoch.y.Giesbrecht@gmail.com,+23929-765-0631,8,2,0
530287,Winona,a,Haggins,UTC -1,Winona.a.Haggins@gmail.com,+64120-665-4075,10,1,1
948864,Veda,I,Mccarrol,UTC 2,Veda.I.Mccarrol@gmail.com,+1778-101-6051,8,2,0
402420,Sudie,w,Handing,UTC -6,Sudie.w.Handing@gmail.com,(402)-734-5427,5,3,1
371429,Maxine,Z,Sully,UTC -3,Maxine.Z.Sully@gmail.com,(739)9584635,4,1,0
273604,Shani,S,Brzoska,UTC -11,Shani.S.Brzoska@gmail.com,9248688154,8,3,0
549800,Lael,A,Loter,UTC -7,Lael.A.Loter@gmail.com,1759946308,9,1,0
519968,Mark,j,Credi,UTC 5,Mark.j.Credi@gmail.com,(511)-547-102,2,2,0
476678,Yi,g,Lehnherr,UTC 8,Yi.g.Lehnherr@gmail.com,814-111-8263,10,3,0
137424,Josh,p,Lemp,UTC 10,Josh.p.Lemp@gmail.com,(+23)(598)-970-6382,3,4,0
931507,Augustus,C,Safer,UTC -2,Augustus.C.Safer@gmail.com,+15712805770,1,1,0
253236,Wilbur,J,Haake,UTC -5,Wilbur.J.Haake@gmail.com,7435038794,4,1,1
533850,Mina,q,Handzlik,UTC 4,Mina.q.Handzlik@gmail.com,(800)-953-6934,7,3,0
555878,Gilda,A,Kamat,UTC 6,Gilda.A.Kamat@gmail.com,+15321181641,8,2,1
685751,Blake,I,Landa,UTC 10,Blake.I.Landa@gmail.com,+68(591)2216082,14,0,1
37849,Karyl,U,Rients,UTC -8,Karyl.U.Rients@gmail.com,(906)-517-2536,7,2,0
879780,Pennie,g,Secreto,UTC 11,Pennie.g.Secreto@gmail.com,1531397859,6,3,0
256249,Le,h,Mohre,UTC -10,Le.h.Mohre@gmail.com,229-863-2089,9,3,0
695801,Buena,f,Guido,UTC 1,Buena.f.Guido@gmail.com,(377)8580109,12,2,1
262274,Mabelle,j,Picton,UTC 2,Mabelle.j.Picton@gmail.com,332-869-0644,12,3,2
306033,Marc,T,Heiman,UTC 8,Marc.T.Heiman@gmail.com,546-027-3332,7,1,0
720893,Lamont,W,Genson,UTC 8,Lamont.W.Genson@gmail.com,954-666-6602,13,3,0
50951,Grazyna,x,Shorts,UTC -5,Grazyna.x.Shorts@gmail.com,(+1)(591)-857-3444,8,1,1
482607,Juana,U,Fenner,UTC 1,Juana.U.Fenner@gmail.com,+488971349963,8,5,0
55285,Nicki,h,Reavely,UTC 2,Nicki.h.Reavely@gmail.com,375-956-4434,6,2,0
884459,Saturnina,n,Gome,UTC -12,Saturnina.n.Gome@gmail.com,6189496379,7,2,0
566271,Barb,w,Sandhoff,UTC 3,Barb.w.Sandhoff@gmail.com,1619834839,7,2,1
736759,Rosendo,B,Sippy,UTC -9,Rosendo.B.Sippy@gmail.com,(187)8126564,6,4,1
563827,Patsy,Q,Cenat,UTC 8,Patsy.Q.Cenat@gmail.com,+57(200)0860992,7,3,0
779964,Brandon,B,Kmet,UTC -1,Brandon.B.Kmet@gmail.com,(194)-489-3130,7,1,2
822068,Bruno,N,Tabuena,UTC 0,Bruno.N.Tabuena@gmail.com,+46651-326-9918,7,2,0
493101,Alessandra,f,Parenteau,UTC 3,Alessandra.f.Parenteau@gmail.com,+40(927)6189861,10,2,1
519943,Tory,N,Roseboro,UTC 7,Tory.N.Roseboro@gmail.com,7250333127,10,1,0
578491,Chantay,x,Arhelger,UTC -1,Chantay.x.Arhelger@gmail.com,284-549-8535,7,2,0
683560,Giuseppe,G,Halgas,UTC -3,Giuseppe.G.Halgas@gmail.com,+80(105)7304818,8,1,0
108565,Serena,i,Puddy,UTC -7,Serena.i.Puddy@gmail.com,(180)3104102,11,5,1
16174,Ria,p,Berrigan,UTC -2,Ria.p.Berrigan@gmail.com,(265)6713519,7,2,0
575386,Angeline,h,Wetz,UTC 0,Angeline.h.Wetz@gmail.com,(232)3133766,9,4,0
215703,Rogelio,y,Woodrome,UTC -6,Rogelio.y.Woodrome@gmail.com,380-906-6331,10,0,0
569702,Cody,V,Trethewey,UTC -5,Cody.V.Trethewey@gmail.com,+862320981135,12,2,1
12983,Jeffry,G,Matrejek,UTC 3,Jeffry.G.Matrejek@gmail.com,+48198-632-9249,8,3,0
871666,Kimberly,c,Arribas,UTC -2,Kimberly.c.Arribas@gmail.com,+14579-391-7176,9,1,0
739906,Darnell,y,Gaudier,UTC -10,Darnell.y.Gaudier@gmail.com,720-247-7775,7,0,0
49438,Leota,r,Knorp,UTC -10,Leota.r.Knorp@gmail.com,(+12)(402)-552-3070,10,5,0
110892,Willis,T,Horesco,UTC 7,Willis.T.Horesco@gmail.com,(431)9687127,6,2,0
635292,Rudy,R,Gingerich,UTC -12,Rudy.R.Gingerich@gmail.com,(550)8028910,8,4,0
100444,Denis,d,Ridgeway,UTC 7,Denis.d.Ridgeway@gmail.com,(+2)(419)-475-7725,11,6,0
561501,Sophia,f,Kocourek,UTC 3,Sophia.f.Kocourek@gmail.com,2288967935,11,0,0
9094,Trevor,w,Sallas,UTC 6,Trevor.w.Sallas@gmail.com,(480)-606-355,8,2,1
210184,Dale,G,Husson,UTC -11,Dale.G.Husson@gmail.com,(254)-846-474,7,4,0
686867,Liliana,i,Arebalo,UTC 1,Liliana.i.Arebalo@gmail.com,500529657,8,4,1
872092,Rogelio,s,Warburton,UTC 5,Rogelio.s.Warburton@gmail.com,(+1)(903)-878-6383,3,2,0
370284,Rex,P,Viehman,UTC -2,Rex.P.Viehman@gmail.com,5050962371,6,4,1
156099,Kyle,t,Farnese,UTC 8,Kyle.t.Farnese@gmail.com,5625200954,15,4,0
274286,Gilma,Y,Lamirand,UTC 3,Gilma.Y.Lamirand@gmail.com,3598924177,5,1,0
766096,Corina,W,Devost,UTC 5,Corina.W.Devost@gmail.com,+10779-047-60,8,2,0
238870,Dani,q,Parle,UTC -10,Dani.q.Parle@gmail.com,845-188-7732,3,0,1
696112,Ramiro,J,Courcelle,UTC 6,Ramiro.J.Courcelle@gmail.com,(861)5872279,11,5,0
256930,Irina,j,Burchard,UTC 12,Irina.j.Burchard@gmail.com,+1359-544-867,16,2,1
266297,Elwanda,v,Groebner,UTC 12,Elwanda.v.Groebner@gmail.com,941-398-6407,12,8,0
643242,Joni,Y,Killette,UTC 0,Joni.Y.Killette@gmail.com,+614214513407,9,1,0
502682,Lasandra,h,Schlussel,UTC -11,Lasandra.h.Schlussel@gmail.com,533-319-021,8,1,0
133458,Eliz,M,Yray,UTC -7,Eliz.M.Yray@gmail.com,(385)0415494,8,4,1
87840,September,l,Shulse,UTC 3,September.l.Shulse@gmail.com,(777)-341-3106,8,3,0
564787,Audrea,r,Knaak,UTC 9,Audrea.r.Knaak@gmail.com,(545)9335879,15,5,0
744700,Sueann,y,Churchfield,UTC -6,Sueann.y.Churchfield@gmail.com,(527)-230-1517,9,3,0
260194,Marcus,X,Bogatitus,UTC 8,Marcus.X.Bogatitus@gmail.com,925-636-4626,13,4,0
648549,Adelaide,I,Donavan,UTC -12,Adelaide.I.Donavan@gmail.com,484-151-682,8,1,1
680215,Clarisa,Z,Crosthwaite,UTC -4,Clarisa.Z.Crosthwaite@gmail.com,(647)5026347,5,3,1
379296,Teodoro,X,Peden,UTC -9,Teodoro.X.Peden@gmail.com,5930933046,9,2,0
489859,Shannan,u,Oppenlander,UTC -8,Shannan.u.Oppenlander@gmail.com,735-337-4555,9,1,0
438225,Kristel,L,Stringari,UTC -7,Kristel.L.Stringari@gmail.com,+316753039709,3,5,0
999545,Illa,c,Venton,UTC 11,Illa.c.Venton@gmail.com,203-601-7326,4,3,0
328293,Kacie,p,Bertot,UTC 11,Kacie.p.Bertot@gmail.com,9825445737,9,2,1
469647,Kaitlin,p,Craun,UTC 6,Kaitlin.p.Craun@gmail.com,+14109895850,11,1,0
555582,Tiffanie,s,Dodier,UTC -12,Tiffanie.s.Dodier@gmail.com,+282526188126,9,2,0
686440,Thi,m,Bongartz,UTC 3,Thi.m.Bongartz@gmail.com,524-346-5805,8,3,2
271295,Lavonne,E,Soscia,UTC -6,Lavonne.E.Soscia@gmail.com,361-104-2017,9,4,0
566266,Debi,t,Kottenstette,UTC 9,Debi.t.Kottenstette@gmail.com,(721)2176494,7,4,1
498150,Blair,N,Camden,UTC -6,Blair.N.Camden@gmail.com,(215)-504-5144,11,1,0
306110,Arlyne,d,Totty,UTC 9,Arlyne.d.Totty@gmail.com,(486)5432877,6,2,1
530437,Roscoe,e,Franceschina,UTC 0,Roscoe.e.Franceschina@gmail.com,(+52)(337)-678-3292,9,1,0
657716,Laurel,m,Thach,UTC -8,Laurel.m.Thach@gmail.com,+76245-761-7476,10,2,1
385531,Rosena,D,Santillo,UTC -9,Rosena.D.Santillo@gmail.com,(829)-762-8599,9,3,0
545084,Dane,l,Fargnoli,UTC 0,Dane.l.Fargnoli@gmail.com,+1400-692-4173,8,5,1
730645,Scarlet,b,Janis,UTC 7,Scarlet.b.Janis@gmail.com,(+49)(569)-228-2309,8,1,0
213393,Hiram,Z,Matott,UTC 8,Hiram.Z.Matott@gmail.com,352-932-4801,4,3,2
602657,Jinny,s,Danniels,UTC -5,Jinny.s.Danniels@gmail.com,186-051-1012,4,1,0
579592,Palma,o,Slayman,UTC -4,Palma.o.Slayman@gmail.com,(727)4393911,7,1,1
741476,Cherly,p,Yovino,UTC 3,Cherly.p.Yovino@gmail.com,(+84)(901)-673-8881,11,1,0
236864,Leah,b,Rufo,UTC -2,Leah.b.Rufo@gmail.com,7258842302,7,2,0
465070,Danny,R,Scovel,UTC 3,Danny.R.Scovel@gmail.com,4445543995,7,1,0
579049,Annabel,J,Balcos,UTC 0,Annabel.J.Balcos@gmail.com,7686990592,8,4,0
87009,Emanuel,E,Lazier,UTC 10,Emanuel.E.Lazier@gmail.com,(193)0626530,7,0,0
719313,Marya,C,Sakakeeny,UTC -9,Marya.C.Sakakeeny@gmail.com,(867)-155-8769,6,2,0
569743,Dione,h,Cavaluzzi,UTC 10,Dione.h.Cavaluzzi@gmail.com,(550)6876070,9,4,0
114609,Shemika,S,Segundo,UTC -9,Shemika.S.Segundo@gmail.com,(834)9705940,9,2,1
927900,Gilberto,j,Hocker,UTC 4,Gilberto.j.Hocker@gmail.com,(769)-408-7196,9,2,0
277524,Shawnda,X,Batres,UTC -9,Shawnda.X.Batres@gmail.com,(300)-936-857,9,2,0
971171,Katherin,B,Romness,UTC 11,Katherin.B.Romness@gmail.com,+911912248637,11,1,0
816247,Tajuana,e,Mcgarrity,UTC 2,Tajuana.e.Mcgarrity@gmail.com,+1(138)5071923,15,3,0
447272,Seymour,P,Lopey,UTC 7,Seymour.P.Lopey@gmail.com,+15145284871,7,2,0
762748,Yolanda,I,Totosz,UTC 5,Yolanda.I.Totosz@gmail.com,(+65)(623)-616-8318,7,0,0
49020,Evangeline,j,Yount,UTC 2,Evangeline.j.Yount@gmail.com,(+55)(813)-127-2651,6,0,0
944541,Dayle,y,Boudreaux,UTC -3,Dayle.y.Boudreaux@gmail.com,728-945-4766,4,2,1
892928,Estela,A,Tenney,UTC 2,Estela.A.Tenney@gmail.com,741-267-94,6,2,0
837290,Nicola,Z,Mcneece,UTC 11,Nicola.Z.Mcneece@gmail.com,(447)-983-5403,3,3,1
803859,Michiko,D,Hanf,UTC -2,Michiko.D.Hanf@gmail.com,(945)-981-2300,9,2,0
386311,Kelsie,i,Mcabee,UTC 10,Kelsie.i.Mcabee@gmail.com,785-046-0516,6,0,0
352719,Zonia,P,Hengst,UTC 12,Zonia.P.Hengst@gmail.com,+24(938)5355940,10,2,0
409860,Scotty,C,Annand,UTC -5,Scotty.C.Annand@gmail.com,711-726-4490,8,3,0
863654,Carrol,w,Kingsland,UTC 11,Carrol.w.Kingsland@gmail.com,+1421746059,10,1,0
776283,Zoe,x,Jondahl,UTC -8,Zoe.x.Jondahl@gmail.com,(+1)(353)-947-8653,4,3,0
850683,Elvie,j,Koloski,UTC 4,Elvie.j.Koloski@gmail.com,(120)-710-4281,9,0,0
744018,Damien,V,Slayden,UTC 5,Damien.V.Slayden@gmail.com,(435)-561-8137,10,2,0
698605,Kandi,d,Navejar,UTC -7,Kandi.d.Navejar@gmail.com,(+1)(676)-785-9557,6,2,0
144336,Maximo,d,Kolm,UTC -12,Maximo.d.Kolm@gmail.com,+1(978)4906340,14,0,0
519960,Ismael,S,Cristo,UTC -4,Ismael.S.Cristo@gmail.com,(172)5301649,11,6,0
786071,Kaye,C,Landsberry,UTC 6,Kaye.C.Landsberry@gmail.com,173203596,6,5,0
322555,Earleen,i,Boeving,UTC -2,Earleen.i.Boeving@gmail.com,625-314-6755,8,2,0
43493,Aron,C,Bosshart,UTC -10,Aron.C.Bosshart@gmail.com,541-186-6649,8,2,0
329568,Elliot,L,Mebus,UTC -6,Elliot.L.Mebus@gmail.com,(170)2227392,9,0,1
34775,Abel,S,Elsworth,UTC -2,Abel.S.Elsworth@gmail.com,(841)3998401,11,4,0
906820,Rusty,r,Keye,UTC -11,Rusty.r.Keye@gmail.com,(297)-716-8585,8,1,0
948229,Logan,q,Veroba,UTC -1,Logan.q.Veroba@gmail.com,919-776-2931,9,1,0
739382,Lydia,U,Dapolito,UTC 2,Lydia.U.Dapolito@gmail.com,+84935-428-5074,9,5,0
955406,Odis,Z,Armantrout,UTC 6,Odis.Z.Armantrout@gmail.com,(505)-878-0660,10,5,0
206458,Jada,b,Hopkins,UTC -6,Jada.b.Hopkins@gmail.com,(638)9829819,9,2,0
881769,Lonnie,C,Sluski,UTC 9,Lonnie.C.Sluski@gmail.com,(539)5734238,10,2,0
901605,Jodi,C,Brickey,UTC -4,Jodi.C.Brickey@gmail.com,+6827-594-8244,9,1,0
767548,Francisca,n,Langlitz,UTC 5,Francisca.n.Langlitz@gmail.com,+46468-415-2386,6,1,0
717993,Joline,M,Bowles,UTC 5,Joline.M.Bowles@gmail.com,+15362810708,7,1,0
339533,Florencia,S,Zaverl,UTC -9,Florencia.S.Zaverl@gmail.com,8723628045,5,1,0
182387,Deon,g,Pogozelski,UTC -2,Deon.g.Pogozelski@gmail.com,+66(422)2074671,6,3,1
418280,Merri,v,Cavalero,UTC 5,Merri.v.Cavalero@gmail.com,(580)-997-5917,3,4,0
33129,Adelia,m,Burkle,UTC 9,Adelia.m.Burkle@gmail.com,(678)-280-0247,10,2,0
634384,Shaun,B,Aures,UTC 8,Shaun.B.Aures@gmail.com,+30772-863-036,6,3,0
775849,Lakendra,F,Papin,UTC 1,Lakendra.F.Papin@gmail.com,7941918584,3,0,1
727929,Reiko,r,Gailun,UTC 0,Reiko.r.Gailun@gmail.com,646-447-3926,9,0,2
795853,Katie,e,Bujol,UTC -6,Katie.e.Bujol@gmail.com,(792)6469355,5,2,0
148700,Renate,e,Fallis,UTC 7,Renate.e.Fallis@gmail.com,(602)2893481,8,0,0
895419,Larhonda,a,Ardizone,UTC -12,Larhonda.a.Ardizone@gmail.com,562-943-5565,6,4,0
767850,Tosha,W,Bouffard,UTC -1,Tosha.W.Bouffard@gmail.com,977-483-2087,9,4,0
689415,Theo,z,Krzewinski,UTC -5,Theo.z.Krzewinski@gmail.com,(690)7284420,9,3,0
593995,Ngoc,d,Lor,UTC 9,Ngoc.d.Lor@gmail.com,+1207-569-1345,7,1,1
156965,Adelina,f,Gambill,UTC 10,Adelina.f.Gambill@gmail.com,(720)-106-3448,9,2,0
790815,Carmen,u,Spoelstra,UTC 5,Carmen.u.Spoelstra@gmail.com,(+1)(232)-789-1313,8,3,0
122723,Marceline,Q,Linscomb,UTC -7,Marceline.Q.Linscomb@gmail.com,5446489547,11,4,0
658487,Lola,i,Jurries,UTC -3,Lola.i.Jurries@gmail.com,1866761977,10,2,1
7217,Adrian,K,Cappelluti,UTC 2,Adrian.K.Cappelluti@gmail.com,7073118187,6,2,0
199105,Rosita,E,Delmage,UTC 7,Rosita.E.Delmage@gmail.com,+86(956)9826507,11,5,0
612796,Lakeesha,p,Kinsland,UTC 10,Lakeesha.p.Kinsland@gmail.com,4698437014,10,1,0
672346,Phillip,z,Davney,UTC -12,Phillip.z.Davney@gmail.com,1136845814,5,2,1
695097,Elbert,w,Windholz,UTC -12,Elbert.w.Windholz@gmail.com,+1190-688-6,8,1,0
944678,Sam,b,Vanderwege,UTC -8,Sam.b.Vanderwege@gmail.com,946-374-7930,8,0,0
631096,Mohammed,j,Zucchetto,UTC 0,Mohammed.j.Zucchetto@gmail.com,+1(904)6309332,7,4,0
320758,Jarred,G,Abdo,UTC -9,Jarred.G.Abdo@gmail.com,(754)5649778,6,3,0
632387,Amina,x,Verrier,UTC 3,Amina.x.Verrier@gmail.com,+20590725587,9,3,2
753785,Gene,x,Pipho,UTC 9,Gene.x.Pipho@gmail.com,(516)4516312,4,4,0
498147,Daysi,t,Cooke,UTC -11,Daysi.t.Cooke@gmail.com,(929)-882-4847,10,4,0
548289,Leeanne,n,Villa,UTC 0,Leeanne.n.Villa@gmail.com,255-665-2640,11,1,0
321115,Han,l,Keene,UTC -6,Han.l.Keene@gmail.com,(+1)(664)-436-8104,12,2,0
793424,Iola,r,Litsey,UTC 4,Iola.r.Litsey@gmail.com,(667)4628500,8,2,0
173683,Lenita,m,Moons,UTC -1,Lenita.m.Moons@gmail.com,689-857-4205,8,2,0
977221,Daisey,r,Widney,UTC -10,Daisey.r.Widney@gmail.com,(+1)(744)-773-052,7,1,0
81819,Fe,P,Grover,UTC 3,Fe.P.Grover@gmail.com,(422)-909-6433,11,3,1
615462,Travis,t,Fico,UTC 12,Travis.t.Fico@gmail.com,(849)1533766,12,1,1
303197,Cristal,z,Joffe,UTC 9,Cristal.z.Joffe@gmail.com,120-115-7818,5,2,1
947900,Marylin,I,Aitchison,UTC 12,Marylin.I.Aitchison@gmail.com,603-259-9754,12,2,1
868588,Tad,M,Lanphear,UTC -8,Tad.M.Lanphear@gmail.com,(717)6144367,11,4,0
490189,Thuy,P,Fogal,UTC -3,Thuy.P.Fogal@gmail.com,400-840-4159,8,1,0
687282,Sal,B,Oliveira,UTC 11,Sal.B.Oliveira@gmail.com,(334)2205274,9,3,1
664038,Art,e,Dovalina,UTC -10,Art.e.Dovalina@gmail.com,8662121059,9,1,0
947530,Liza,G,Buchar,UTC -11,Liza.G.Buchar@gmail.com,(421)4828324,6,3,0
658791,Catrina,U,Mccormack,UTC -9,Catrina.U.Mccormack@gmail.com,(+92)(178)-674-3344,9,3,0
51359,Elnora,N,Garber,UTC -7,Elnora.N.Garber@gmail.com,+16396299549,7,3,0
303085,Madlyn,T,Klaver,UTC 2,Madlyn.T.Klaver@gmail.com,(298)-379-1326,9,3,0
968563,Cathleen,x,Juda,UTC 2,Cathleen.x.Juda@gmail.com,(272)4190718,6,4,0
634153,Chung,a,Largin,UTC 11,Chung.a.Largin@gmail.com,(420)-549-9451,14,6,2
10957,Angela,W,Verdusco,UTC -5,Angela.W.Verdusco@gmail.com,(971)2476814,7,2,1
710265,Janyce,Q,Ragan,UTC -6,Janyce.Q.Ragan@gmail.com,119-637-6040,5,3,0
575934,Augustus,N,Dederich,UTC 12,Augustus.N.Dederich@gmail.com,+17227853780,12,3,1
740533,Mikki,Y,Berges,UTC -6,Mikki.Y.Berges@gmail.com,(183)-010-5046,9,2,0
43306,Tonya,u,Fitzrandolph,UTC -11,Tonya.u.Fitzrandolph@gmail.com,673-618-1295,11,2,1
885144,Jonelle,s,Worner,UTC 6,Jonelle.s.Worner@gmail.com,9646552029,12,2,0
82885,Beryl,A,Pinkey,UTC -10,Beryl.A.Pinkey@gmail.com,720-017-6893,8,2,2
560224,Bill,i,Raynes,UTC -2,Bill.i.Raynes@gmail.com,(635)3696151,7,2,0
917179,Yang,E,Strevels,UTC 10,Yang.E.Strevels@gmail.com,1361577229,12,3,0
4078,Nila,s,Eitnier,UTC 12,Nila.s.Eitnier@gmail.com,(463)56908,7,3,0
802469,Fabian,q,Roselli,UTC 10,Fabian.q.Roselli@gmail.com,(215)-832-3098,5,2,0
168647,Oralee,I,Schnoke,UTC -8,Oralee.I.Schnoke@gmail.com,(908)-602-0013,11,0,0
272591,Dede,R,Hallgren,UTC 8,Dede.R.Hallgren@gmail.com,385-644-7494,9,0,0
331384,Kristan,S,Brucken,UTC 7,Kristan.S.Brucken@gmail.com,+83494-569-2985,6,3,0
377407,Andrew,A,Burlson,UTC 11,Andrew.A.Burlson@gmail.com,(+1)(846)-169-6747,11,3,0
765858,Huey,C,Assenmacher,UTC 2,Huey.C.Assenmacher@gmail.com,(252)5851895,7,4,1
502633,Bernice,N,Guelpa,UTC -10,Bernice.N.Guelpa@gmail.com,(632)4534086,9,2,0
665271,Kathyrn,A,Estella,UTC 1,Kathyrn.A.Estella@gmail.com,610709465,5,1,0
667860,Ludie,o,Haveman,UTC -3,Ludie.o.Haveman@gmail.com,(551)3125727,8,1,0
473481,Lawanda,A,Zdenek,UTC -7,Lawanda.A.Zdenek@gmail.com,(+42)(494)-924-4654,9,2,0
967208,Laure,w,Wage,UTC 8,Laure.w.Wage@gmail.com,(400)4543297,7,1,1
138521,Hilda,L,Devries,UTC 9,Hilda.L.Devries@gmail.com,(747)-264-0974,8,0,1
916735,Janessa,K,Diomede,UTC 4,Janessa.K.Diomede@gmail.com,217-635-7926,16,2,0
412403,Jacob,F,Quesnel,UTC 0,Jacob.F.Quesnel@gmail.com,+1947-876-0080,9,2,1
206829,Kenneth,p,Kisro,UTC 6,Kenneth.p.Kisro@gmail.com,577-752-8746,8,3,1
522185,Monty,L,Kimbriel,UTC -10,Monty.L.Kimbriel@gmail.com,+49(986)7034163,4,2,1
214896,Chauncey,U,Toof,UTC -9,Chauncey.U.Toof@gmail.com,+1(990)4767345,4,0,0
532510,Floretta,A,Dolak,UTC 6,Floretta.A.Dolak@gmail.com,(+1)(541)-788-0574,12,3,2
156262,Magali,p,Freels,UTC 6,Magali.p.Freels@gmail.com,772-188-7387,7,8,0
171079,Hyacinth,C,Sadhu,UTC -12,Hyacinth.C.Sadhu@gmail.com,+66349-457-7298,12,0,0
922952,Francie,o,Schimming,UTC 9,Francie.o.Schimming@gmail.com,289-437-5519,13,6,0
424418,Rufus,l,Chastant,UTC -1,Rufus.l.Chastant@gmail.com,777-336-4752,6,7,3
536598,Nestor,F,Prime,UTC -9,Nestor.F.Prime@gmail.com,(348)-099-8892,5,2,0
423369,Assunta,z,Nikach,UTC 10,Assunta.z.Nikach@gmail.com,(935)4822466,6,4,0
317380,Rex,f,Bourdeaux,UTC 9,Rex.f.Bourdeaux@gmail.com,+80(358)3005028,11,2,1
26543,Elza,a,Aschoff,UTC -7,Elza.a.Aschoff@gmail.com,+1(715)8314799,8,3,1
371850,Carly,S,Heenan,UTC -10,Carly.S.Heenan@gmail.com,(251)-410-5023,6,1,1
232594,Clayton,u,Aris,UTC 11,Clayton.u.Aris@gmail.com,3187207626,2,1,0
519623,Eura,v,Rossing,UTC 11,Eura.v.Rossing@gmail.com,(451)4253802,7,1,0
938127,Jeanie,P,Arcand,UTC -11,Jeanie.P.Arcand@gmail.com,(600)-046-1467,11,0,0
836971,Roxie,U,Kinch,UTC -6,Roxie.U.Kinch@gmail.com,+1(981)9322911,15,5,0
522415,Santiago,f,Lippeatt,UTC 1,Santiago.f.Lippeatt@gmail.com,(585)374149,7,2,0
666041,Un,X,Wintersteen,UTC -6,Un.X.Wintersteen@gmail.com,6815936070,11,0,0
711769,Nevada,F,Stahnke,UTC 10,Nevada.F.Stahnke@gmail.com,816-604-8054,10,2,0
885856,Lana,R,Semmler,UTC -7,Lana.R.Semmler@gmail.com,+25516-580-3797,11,0,0
595572,Hannelore,h,Latigo,UTC 9,Hannelore.h.Latigo@gmail.com,3784035664,9,3,0
686389,Coleen,t,Beuter,UTC -3,Coleen.t.Beuter@gmail.com,(220)-783-7841,9,1,0
545434,Hillary,K,Goldrich,UTC 7,Hillary.K.Goldrich@gmail.com,6828219675,10,2,0
952803,Roxie,F,Schibi,UTC -6,Roxie.F.Schibi@gmail.com,510-836-8151,9,2,1
905750,Bell,A,Spillers,UTC -12,Bell.A.Spillers@gmail.com,(742)1263459,7,2,0
184764,Dara,W,Migneault,UTC -10,Dara.W.Migneault@gmail.com,(+1)(168)-138-6025,7,1,0
107060,Loura,z,Trick,UTC 8,Loura.z.Trick@gmail.com,4184560930,9,5,1
954898,Scarlet,G,Haddix,UTC 8,Scarlet.G.Haddix@gmail.com,288-470-456,14,2,1
138948,Dong,k,Blanford,UTC 9,Dong.k.Blanford@gmail.com,(474)5482382,12,3,0
157601,Janis,O,Pifer,UTC -2,Janis.O.Pifer@gmail.com,(710)6206658,4,1,0
378690,Florine,F,Mathis,UTC -4,Florine.F.Mathis@gmail.com,(574)-883-9602,5,3,1
947411,Adrianne,w,Wakin,UTC -4,Adrianne.w.Wakin@gmail.com,(541)-747-8989,8,2,0
326377,Hiram,a,Shirer,UTC 1,Hiram.a.Shirer@gmail.com,149-077-406,3,4,0
960601,Kira,W,Miller,UTC 11,Kira.W.Miller@gmail.com,+414883810778,12,3,1
503054,Risa,G,Baccouche,UTC -12,Risa.G.Baccouche@gmail.com,(357)-301-4842,16,5,0
255208,Laurence,R,Ohlsen,UTC -9,Laurence.R.Ohlsen@gmail.com,879-612-52,3,3,2
375936,Weldon,Y,Rodenburg,UTC -4,Weldon.Y.Rodenburg@gmail.com,857-595-1179,8,5,0
174877,Kendra,D,Trial,UTC -11,Kendra.D.Trial@gmail.com,(+35)(537)-286-2622,11,5,0
444413,Sheba,x,Betterman,UTC 4,Sheba.x.Betterman@gmail.com,2889056763,6,4,0
988311,Nikole,I,Aluqdah,UTC 10,Nikole.I.Aluqdah@gmail.com,(139)-161-677,7,5,0
449845,Malcolm,r,Fitcheard,UTC -4,Malcolm.r.Fitcheard@gmail.com,(300)-218-2810,10,1,0
214769,Trinity,s,Halgrimson,UTC 11,Trinity.s.Halgrimson@gmail.com,(529)8115832,5,1,0
290055,Cindie,w,Simiskey,UTC 2,Cindie.w.Simiskey@gmail.com,(572)8144183,5,6,1
987546,Kristal,w,Marzolf,UTC 8,Kristal.w.Marzolf@gmail.com,5658976297,18,2,0
619155,Rory,Q,Gleiss,UTC 12,Rory.Q.Gleiss@gmail.com,+1548-620-317,8,1,0
557483,Maryanna,p,Ptaschinski,UTC 4,Maryanna.p.Ptaschinski@gmail.com,+99631-065-1804,10,4,0
871579,Dwight,m,Mccullick,UTC -8,Dwight.m.Mccullick@gmail.com,+72226-123-4936,7,2,0
728545,Abel,Y,Falkner,UTC -11,Abel.Y.Falkner@gmail.com,745-945-5794,8,5,0
137055,Kristi,B,Eckler,UTC -6,Kristi.B.Eckler@gmail.com,4975569702,6,3,0
259370,Simona,r,Mezick,UTC -3,Simona.r.Mezick@gmail.com,(266)7649942,4,2,2
633335,Delaine,T,Rutman,UTC 10,Delaine.T.Rutman@gmail.com,(634)1563916,14,5,0
389505,Latia,X,Kershaw,UTC -3,Latia.X.Kershaw@gmail.com,(+77)(727)-892-9603,10,3,0
859217,Jan,P,Crawn,UTC -12,Jan.P.Crawn@gmail.com,(+1)(551)-864-1910,8,3,0
705632,Tenisha,k,Thalman,UTC -7,Tenisha.k.Thalman@gmail.com,+1357-742-0191,8,4,0
373113,Marti,Y,Kratofil,UTC -2,Marti.Y.Kratofil@gmail.com,(338)7413895,4,0,0
870224,Sandie,t,Gebrayel,UTC 6,Sandie.t.Gebrayel@gmail.com,(704)6568016,9,5,0
272136,Sam,B,Stvrestil,UTC 2,Sam.B.Stvrestil@gmail.com,2637221865,9,2,0
408567,Meri,L,Ammirata,UTC -9,Meri.L.Ammirata@gmail.com,(536)-932-6835,8,2,0
45356,Marvella,A,Selzer,UTC -9,Marvella.A.Selzer@gmail.com,(696)5226279,3,1,1
406230,Maia,s,Montaque,UTC -3,Maia.s.Montaque@gmail.com,4532410498,10,2,0
544854,Rodger,T,Jobin,UTC -8,Rodger.T.Jobin@gmail.com,(841)9301678,12,4,0
970687,Fausto,o,Tockey,UTC 9,Fausto.o.Tockey@gmail.com,+12436240732,15,3,0
409141,Hugh,O,Dobison,UTC 5,Hugh.O.Dobison@gmail.com,(375)6850675,6,1,1
919017,Gregorio,I,Harpool,UTC 1,Gregorio.I.Harpool@gmail.com,(388)-667-7713,9,2,0
497951,Bess,v,Gemes,UTC -1,Bess.v.Gemes@gmail.com,+74215-612-6791,10,4,1
583672,Delaine,u,Coup,UTC -5,Delaine.u.Coup@gmail.com,(486)-298-038,10,1,1
387891,Evelin,e,Moriwaki,UTC 4,Evelin.e.Moriwaki@gmail.com,+85771-201-7023,11,5,0
307835,Francisco,I,Crisp,UTC 2,Francisco.I.Crisp@gmail.com,196118183,7,3,0
702329,Judy,d,Santisteban,UTC -7,Judy.d.Santisteban@gmail.com,(+61)(820)-538-4515,8,4,0
944513,Lacy,q,Sinicki,UTC 2,Lacy.q.Sinicki@gmail.com,(+76)(291)-912-5558,9,2,0
31703,Madeleine,g,Bookmiller,UTC -4,Madeleine.g.Bookmiller@gmail.com,312-892-4186,10,1,0
479548,Sara,e,Ovard,UTC 0,Sara.e.Ovard@gmail.com,+8(807)7271164,6,2,3
512395,Ray,a,Visco,UTC 4,Ray.a.Visco@gmail.com,3189297660,10,1,0
373082,Marcelina,U,Ennaco,UTC -5,Marcelina.U.Ennaco@gmail.com,(964)0543782,6,3,1
516947,Paz,t,Locante,UTC -2,Paz.t.Locante@gmail.com,+74235-327-0763,7,1,0
464854,Kerstin,M,Terzo,UTC -10,Kerstin.M.Terzo@gmail.com,+25370-552-968,10,2,0
275845,Nilsa,i,Clara,UTC -3,Nilsa.i.Clara@gmail.com,783-815-1854,4,2,0
538305,Shaina,K,Dantzler,UTC -8,Shaina.K.Dantzler@gmail.com,(932)-679-3566,11,1,0
246116,Viviana,O,Lack,UTC -5,Viviana.O.Lack@gmail.com,(555)0195385,11,5,0
186029,Tawna,B,Smiling,UTC -12,Tawna.B.Smiling@gmail.com,+56(866)8435082,7,2,0
876151,Markita,L,Laban,UTC -2,Markita.L.Laban@gmail.com,(+1)(685)-554-7980,12,5,0
649794,Latonia,r,Iltzsch,UTC -6,Latonia.r.Iltzsch@gmail.com,828-674-1366,10,6,0
905631,Kenda,b,Hanlon,UTC 0,Kenda.b.Hanlon@gmail.com,(+51)(400)-624-7420,9,1,0
813273,Stefany,z,Beaz,UTC -12,Stefany.z.Beaz@gmail.com,+235031744813,14,1,0
666799,Obdulia,t,Brynga,UTC 3,Obdulia.t.Brynga@gmail.com,+601083692697,10,2,0
492105,Nicki,C,Hoinacki,UTC 1,Nicki.C.Hoinacki@gmail.com,(864)5982199,7,4,0
826891,Murray,B,Dorkin,UTC 3,Murray.B.Dorkin@gmail.com,+187237229227,6,0,0
253578,Ashlee,x,Lataille,UTC -8,Ashlee.x.Lataille@gmail.com,594-585-0958,7,1,0
415554,Maribeth,O,Beitzel,UTC 10,Maribeth.O.Beitzel@gmail.com,5394453275,9,3,0
455436,Eleonor,v,Riihimaki,UTC 0,Eleonor.v.Riihimaki@gmail.com,(338)8408980,8,1,0
912386,Dottie,V,Erkela,UTC -3,Dottie.V.Erkela@gmail.com,(552)7615071,9,2,0
474546,Numbers,D,Dua,UTC 7,Numbers.D.Dua@gmail.com,2617804302,3,6,0
413726,Nilda,b,Vertz,UTC -9,Nilda.b.Vertz@gmail.com,(948)9415054,10,4,0
621843,Melaine,R,Mcgaughy,UTC 6,Melaine.R.Mcgaughy@gmail.com,(478)-342-2581,7,6,1
771766,Deann,M,Maris,UTC -9,Deann.M.Maris@gmail.com,(626)002115,9,2,0
795551,Alexander,d,Fayson,UTC 3,Alexander.d.Fayson@gmail.com,7055130762,3,1,0
322185,Madalyn,u,Kloeck,UTC -9,Madalyn.u.Kloeck@gmail.com,9637734655,9,2,1
708192,Tyra,j,Routhier,UTC -8,Tyra.j.Routhier@gmail.com,+547733224862,4,3,0
354002,Jeana,G,Box,UTC -1,Jeana.G.Box@gmail.com,2770596840,7,2,0
806551,Lorenzo,G,Sakumoto,UTC 4,Lorenzo.G.Sakumoto@gmail.com,(333)7907699,7,7,1
200852,Carrol,S,Zerring,UTC -8,Carrol.S.Zerring@gmail.com,(+73)(651)-556-4330,3,2,0
101087,Deja,V,Vanwassenhove,UTC 10,Deja.V.Vanwassenhove@gmail.com,+1(283)9515685,13,6,0
676127,Sharita,H,Sevilla,UTC 11,Sharita.H.Sevilla@gmail.com,(810)7928858,10,3,0
52552,Chassidy,T,Bradt,UTC 12,Chassidy.T.Bradt@gmail.com,(463)-282-0211,9,2,0
348230,Inge,A,Cassius,UTC -7,Inge.A.Cassius@gmail.com,(+1)(547)-999-2089,6,2,1
134429,Benito,U,Filthaut,UTC 12,Benito.U.Filthaut@gmail.com,+463176423305,9,0,0
746558,Cleta,l,Delullo,UTC -1,Cleta.l.Delullo@gmail.com,783-003-7108,6,4,0
919871,Melva,b,Casterline,UTC -10,Melva.b.Casterline@gmail.com,+67(662)9599953,10,4,0
7749,Moses,o,Koeppen,UTC 4,Moses.o.Koeppen@gmail.com,(592)-544-1306,4,5,1
82068,Shavonne,W,Workings,UTC -7,Shavonne.W.Workings@gmail.com,+68(708)7535799,12,3,0
86098,Dessie,X,Privatsky,UTC -3,Dessie.X.Privatsky@gmail.com,(+11)(905)-937-8417,16,2,1
251809,Elton,T,Stolinski,UTC -5,Elton.T.Stolinski@gmail.com,(281)1554729,5,4,0
528100,Peter,Y,Tritt,UTC -12,Peter.Y.Tritt@gmail.com,+1(602)2949943,14,1,0
410522,Aleta,Z,Lehmer,UTC 4,Aleta.Z.Lehmer@gmail.com,(990)-703-322,10,4,0
425951,Therese,Q,Rinfret,UTC 0,Therese.Q.Rinfret@gmail.com,(850)-645-6118,8,2,2
281817,Lashandra,k,Zazula,UTC -5,Lashandra.k.Zazula@gmail.com,+906273149791,8,1,0
179220,Bernetta,d,Mandich,UTC 12,Bernetta.d.Mandich@gmail.com,1352172675,12,3,0
334947,Tenisha,W,Hasenauer,UTC -11,Tenisha.W.Hasenauer@gmail.com,913-328-3714,9,1,0
678083,Marlys,M,Bavaro,UTC 12,Marlys.M.Bavaro@gmail.com,101-360-3333,6,1,0
338869,Alonzo,S,Butts,UTC -11,Alonzo.S.Butts@gmail.com,1224665672,6,2,0
49605,Silvia,q,Ely,UTC 2,Silvia.q.Ely@gmail.com,4509457287,8,0,0
609018,Evelynn,E,Millings,UTC -6,Evelynn.E.Millings@gmail.com,(560)-868-9460,6,2,0
697148,Eunice,z,Ezell,UTC -11,Eunice.z.Ezell@gmail.com,(890)-482-4150,4,1,0
734026,Evon,a,Mathe,UTC -11,Evon.a.Mathe@gmail.com,(684)7247323,6,0,0
903522,Antoine,v,Blihovde,UTC 9,Antoine.v.Blihovde@gmail.com,271263453,7,1,1
247599,Alleen,Y,Bartoszek,UTC 0,Alleen.Y.Bartoszek@gmail.com,(995)5541564,12,5,0
472410,Fredricka,Z,Bolivar,UTC 2,Fredricka.Z.Bolivar@gmail.com,+84(225)822397,10,2,0
918784,Toney,i,Lyken,UTC -10,Toney.i.Lyken@gmail.com,208-309-7943,7,2,0
141655,Laverne,x,Mcenery,UTC -1,Laverne.x.Mcenery@gmail.com,729-396-2138,5,2,0
954472,Evelyne,y,Kietzman,UTC -6,Evelyne.y.Kietzman@gmail.com,+13144266243,8,2,0
564295,Debby,c,Marien,UTC 11,Debby.c.Marien@gmail.com,(+1)(776)-025-8571,8,6,0
649100,Micah,G,Mutone,UTC -12,Micah.G.Mutone@gmail.com,(+5)(123)-384-1443,11,1,1
361730,Babara,o,Mayard,UTC -11,Babara.o.Mayard@gmail.com,(211)5190396,13,3,2
374447,Giselle,H,Plymale,UTC -12,Giselle.H.Plymale@gmail.com,818367456,8,7,0
18578,Deonna,e,Kempa,UTC 12,Deonna.e.Kempa@gmail.com,(399)-704-2280,9,4,0
684486,Yuriko,z,Gustaveson,UTC -12,Yuriko.z.Gustaveson@gmail.com,+422895980420,4,4,0
781589,Berniece,U,Orie,UTC 8,Berniece.U.Orie@gmail.com,975-074-0186,4,1,0
202601,Yuri,A,Mcloughlin,UTC -3,Yuri.A.Mcloughlin@gmail.com,(+22)(154)-702-3323,11,5,0
174791,Tami,D,Pharo,UTC -12,Tami.D.Pharo@gmail.com,+52(325)8967503,12,0,0
422795,Sheila,r,Vitali,UTC -6,Sheila.r.Vitali@gmail.com,+1943-997-0577,8,1,0
345595,Julietta,b,Zwigart,UTC -4,Julietta.b.Zwigart@gmail.com,+87(294)9279927,1,1,0
352016,Janelle,M,Wentzloff,UTC -2,Janelle.M.Wentzloff@gmail.com,(290)4636273,12,0,0
623100,Ileana,w,Pippin,UTC -6,Ileana.w.Pippin@gmail.com,832-320-5484,12,2,1
46316,Alina,c,Giannavola,UTC 1,Alina.c.Giannavola@gmail.com,144-316-494,9,5,0
135060,Meridith,M,Wubbena,UTC 12,Meridith.M.Wubbena@gmail.com,550-426-8093,10,0,1
708154,Dirk,k,Natalello,UTC -7,Dirk.k.Natalello@gmail.com,8339521639,5,0,0
929599,Eusebia,o,Breth,UTC -9,Eusebia.o.Breth@gmail.com,(+1)(215)-768-6364,9,2,0
414866,Virgen,U,Obie,UTC -1,Virgen.U.Obie@gmail.com,580-654-0975,7,4,0
710804,Merna,V,Eberly,UTC -6,Merna.V.Eberly@gmail.com,+5(660)6101339,9,4,1
987918,Marin,C,Tureson,UTC 4,Marin.C.Tureson@gmail.com,9837293467,9,0,0
724876,Cori,H,Capizzi,UTC -9,Cori.H.Capizzi@gmail.com,+67772-110-0861,8,4,1
820260,Lola,P,Kirsopp,UTC 1,Lola.P.Kirsopp@gmail.com,+1798-577-5602,14,0,0
93648,Ignacia,T,Debes,UTC -11,Ignacia.T.Debes@gmail.com,(734)-925-8119,8,7,0
632734,Wei,V,Lafler,UTC 6,Wei.V.Lafler@gmail.com,+1834404445,6,2,1
951880,Prudence,z,Odess,UTC -5,Prudence.z.Odess@gmail.com,325-122-012,10,2,0
767153,Mickey,P,Castin,UTC -1,Mickey.P.Castin@gmail.com,(+28)(650)-365-418,5,3,1
250548,Nila,f,Scolieri,UTC -3,Nila.f.Scolieri@gmail.com,(+1)(525)-855-5889,7,3,0
240148,Gerard,l,Unkn,UTC 3,Gerard.l.Unkn@gmail.com,+1(647)5791722,7,1,0
383622,Corinne,S,Broz,UTC -7,Corinne.S.Broz@gmail.com,+79573464096,6,5,2
696186,Jenette,w,Kilian,UTC 5,Jenette.w.Kilian@gmail.com,+20100-650-0560,9,4,1
176189,Gertha,A,Raschke,UTC 8,Gertha.A.Raschke@gmail.com,(+1)(605)-950-7723,10,2,0
307489,Hilary,F,Saragusa,UTC 2,Hilary.F.Saragusa@gmail.com,(600)-382-4916,10,5,0
243045,Hosea,i,Blankenburg,UTC 10,Hosea.i.Blankenburg@gmail.com,(591)-486-0530,6,4,0
55244,Gina,M,Rohrbacher,UTC 12,Gina.M.Rohrbacher@gmail.com,+1(795)2274186,10,2,0
509697,Jonelle,N,Tullis,UTC -3,Jonelle.N.Tullis@gmail.com,(144)3508722,11,1,0
959889,Carmel,E,Hershberger,UTC 5,Carmel.E.Hershberger@gmail.com,1788522369,8,2,1
231893,Natalya,K,Geis,UTC -5,Natalya.K.Geis@gmail.com,5637378950,10,1,0
208588,Roxann,I,Koppes,UTC 9,Roxann.I.Koppes@gmail.com,(275)4455997,4,0,1
454823,Buck,J,Birdine,UTC -5,Buck.J.Birdine@gmail.com,(978)-881-9987,8,4,0
503621,Rudolph,P,Baggett,UTC -7,Rudolph.P.Baggett@gmail.com,(997)763633,9,4,0
491786,Manuel,E,Arron,UTC -1,Manuel.E.Arron@gmail.com,430-904-8732,12,4,0
945753,Tajuana,v,Hollabaugh,UTC 1,Tajuana.v.Hollabaugh@gmail.com,(375)-403-294,8,5,0
339365,Felicitas,R,Loehlein,UTC 8,Felicitas.R.Loehlein@gmail.com,(722)825815,7,2,0
344775,Freeman,l,Diez,UTC -4,Freeman.l.Diez@gmail.com,(624)7561618,12,5,1
669849,Naomi,E,Stoff,UTC -8,Naomi.E.Stoff@gmail.com,+1519-387-5230,11,3,1
615654,Leola,G,Lashomb,UTC -5,Leola.G.Lashomb@gmail.com,978-341-2651,8,2,0
867346,Wilson,n,Roncskevitz,UTC 10,Wilson.n.Roncskevitz@gmail.com,108-385-2113,14,2,0
515176,James,i,Brilowski,UTC 0,James.i.Brilowski@gmail.com,9833226776,8,3,0
986608,Shonta,r,Simoens,UTC -6,Shonta.r.Simoens@gmail.com,+1885-628-6521,16,2,0
115116,Yoko,c,Barella,UTC -3,Yoko.c.Barella@gmail.com,(960)5761484,14,2,0
28392,Francesco,u,Mcquiddy,UTC 4,Francesco.u.Mcquiddy@gmail.com,(831)-577-663,10,0,0
411867,Domingo,U,Spielberg,UTC 11,Domingo.U.Spielberg@gmail.com,7026184812,8,4,0
701386,Athena,B,Bonsell,UTC 8,Athena.B.Bonsell@gmail.com,(975)0841407,14,3,0
117702,Piedad,K,Litty,UTC 10,Piedad.K.Litty@gmail.com,(486)-776-1461,11,5,1
516712,Ciera,A,Pantoja,UTC -8,Ciera.A.Pantoja@gmail.com,(+5)(580)-914-9093,6,2,0
809898,Doreen,I,Mizuno,UTC 1,Doreen.I.Mizuno@gmail.com,(329)-251-0288,5,6,0
31281,Chanell,z,Hewell,UTC -2,Chanell.z.Hewell@gmail.com,+30(634)4186826,11,1,0
154573,Russ,L,Lowman,UTC 9,Russ.L.Lowman@gmail.com,+86582-196-2100,8,2,0
463033,Jake,l,Altiery,UTC 4,Jake.l.Altiery@gmail.com,(687)497774,7,3,0
183070,Sunday,r,Luckey,UTC 4,Sunday.r.Luckey@gmail.com,(+8)(234)-738-6228,12,5,0
103567,Weldon,U,Padovano,UTC 12,Weldon.U.Padovano@gmail.com,+333171433079,8,4,0
503570,Tanner,f,Inscore,UTC 5,Tanner.f.Inscore@gmail.com,+1375058777,10,4,0
712281,Cleo,u,Troyan,UTC 7,Cleo.u.Troyan@gmail.com,331-041-9156,8,2,0
640943,Launa,w,Gier,UTC 12,Launa.w.Gier@gmail.com,+15231937413,8,2,0
513486,Stefany,k,Quasdorf,UTC -8,Stefany.k.Quasdorf@gmail.com,+1(252)7811026,10,1,0
625682,Daniele,S,Ferrari,UTC 4,Daniele.S.Ferrari@gmail.com,(+88)(822)-736-6301,7,3,0
242205,Wendy,L,Azer,UTC 0,Wendy.L.Azer@gmail.com,693-859-6314,12,2,1
85339,Tamesha,G,Farnam,UTC -11,Tamesha.G.Farnam@gmail.com,+15(973)2187874,14,4,0
435059,Jaunita,q,Dalecki,UTC -11,Jaunita.q.Dalecki@gmail.com,(930)-875-4187,6,1,1
58076,Adela,X,Haran,UTC -4,Adela.X.Haran@gmail.com,(245)106762,7,2,0
397401,Zula,B,Brandeis,UTC 9,Zula.B.Brandeis@gmail.com,867-200-774,7,4,0
279004,Yon,N,Raglin,UTC 9,Yon.N.Raglin@gmail.com,490-950-1121,14,2,1
251349,Sharda,P,Seppi,UTC -11,Sharda.P.Seppi@gmail.com,(309)5672311,4,3,1
486677,Cordie,h,Stombaugh,UTC -9,Cordie.h.Stombaugh@gmail.com,+1(667)5996330,9,5,0
648548,Vernice,o,Stott,UTC 9,Vernice.o.Stott@gmail.com,+1971-268-597,9,2,0
106305,Celeste,o,Pyland,UTC -6,Celeste.o.Pyland@gmail.com,4424016904,13,0,0
957737,Otha,p,Bublitz,UTC -11,Otha.p.Bublitz@gmail.com,656-607-8484,14,3,0
628475,Karima,I,Sussex,UTC 3,Karima.I.Sussex@gmail.com,+484991976104,7,2,0
820906,Cory,T,Snoderly,UTC 1,Cory.T.Snoderly@gmail.com,(786)4222145,7,1,1
799042,Frankie,r,Mustoe,UTC 7,Frankie.r.Mustoe@gmail.com,9952304591,10,3,1
348882,Alida,n,Mcnespey,UTC -8,Alida.n.Mcnespey@gmail.com,(499)-341-7116,2,0,0
61768,Lettie,d,Phanord,UTC 11,Lettie.d.Phanord@gmail.com,+1(358)1015062,13,3,0
609743,Tessa,I,Vidra,UTC 7,Tessa.I.Vidra@gmail.com,8251115920,11,5,0
751186,Tomeka,r,Kuchta,UTC -5,Tomeka.r.Kuchta@gmail.com,(795)-003-3875,10,4,3
353566,Frankie,S,Knupp,UTC 10,Frankie.S.Knupp@gmail.com,+18473402748,4,4,0
846849,Tereasa,F,Prellwitz,UTC -12,Tereasa.F.Prellwitz@gmail.com,5594757941,4,2,0
641840,Deb,E,Spainhour,UTC 7,Deb.E.Spainhour@gmail.com,(269)-154-2506,11,1,1
447428,Billie,f,Wauters,UTC 0,Billie.f.Wauters@gmail.com,1712836223,21,7,0
413104,Dorine,s,Zuleger,UTC 8,Dorine.s.Zuleger@gmail.com,8263418911,6,3,0
857866,Werner,P,Woodward,UTC 9,Werner.P.Woodward@gmail.com,(960)1406567,7,3,0
604285,Isobel,F,Bafford,UTC -9,Isobel.F.Bafford@gmail.com,+75127-479-5408,12,2,0
950056,Kevin,C,Wojciechowski,UTC -3,Kevin.C.Wojciechowski@gmail.com,+86448603286,8,1,1
155005,Bonnie,r,Duldulao,UTC 12,Bonnie.r.Duldulao@gmail.com,4601320474,3,6,0
939516,Nicolas,c,Fitzen,UTC -3,Nicolas.c.Fitzen@gmail.com,5047891950,4,2,0
333026,Irma,I,Tortorelli,UTC -3,Irma.I.Tortorelli@gmail.com,(115)4104198,5,4,0
563141,Isela,X,Soble,UTC -11,Isela.X.Soble@gmail.com,(+47)(694)-972-7674,12,2,0
525698,Carlee,K,Magaldi,UTC 10,Carlee.K.Magaldi@gmail.com,(675)5714103,6,3,1
848895,Shayla,s,Scandura,UTC -11,Shayla.s.Scandura@gmail.com,6034062560,5,2,0
9970,Elmo,u,Andueza,UTC 1,Elmo.u.Andueza@gmail.com,8358806431,6,1,1
269824,Elijah,f,Hairston,UTC -7,Elijah.f.Hairston@gmail.com,(382)-127-3871,8,0,0
510741,Ethyl,e,Wintz,UTC -6,Ethyl.e.Wintz@gmail.com,(961)1101581,7,0,1
362065,Jaunita,Z,Haigh,UTC -8,Jaunita.Z.Haigh@gmail.com,(+82)(201)-739-6296,8,3,0
453511,Jeanett,Z,Hollenshead,UTC 0,Jeanett.Z.Hollenshead@gmail.com,187-208-6567,11,3,0
497617,Lien,R,Maroudas,UTC 9,Lien.R.Maroudas@gmail.com,8047134909,9,2,0
305695,Kelley,h,Geesey,UTC 8,Kelley.h.Geesey@gmail.com,938-970-6086,8,1,0
721386,Erin,t,Dessert,UTC 3,Erin.t.Dessert@gmail.com,+33761-047-5168,12,2,0
489483,Tabatha,t,Pillar,UTC 9,Tabatha.t.Pillar@gmail.com,462396315,13,1,0
661233,Lucio,l,Shutler,UTC -5,Lucio.l.Shutler@gmail.com,9756004250,4,7,0
114323,Alethea,W,Hordge,UTC 12,Alethea.W.Hordge@gmail.com,+167976356802,7,1,1
172622,Zenobia,K,Chesanek,UTC 8,Zenobia.K.Chesanek@gmail.com,603-848-9615,4,1,0
649159,Dorian,e,Lodato,UTC -10,Dorian.e.Lodato@gmail.com,189-788-9728,9,0,0
887738,Arlette,y,Cavalier,UTC 4,Arlette.y.Cavalier@gmail.com,6146064978,8,1,0
842020,Hermelinda,b,Mccarver,UTC 3,Hermelinda.b.Mccarver@gmail.com,(131)-572-3616,4,0,0
317231,Delicia,t,Lockheart,UTC 8,Delicia.t.Lockheart@gmail.com,+525594421770,3,2,0
376862,Spencer,c,Sprawls,UTC -7,Spencer.c.Sprawls@gmail.com,+403771220693,4,2,1
496219,Glennie,J,Crapser,UTC 2,Glennie.J.Crapser@gmail.com,(257)-800-1160,8,1,1
709663,Lahoma,x,Bielser,UTC -8,Lahoma.x.Bielser@gmail.com,+54361-081-3641,9,2,0
731988,Eddy,y,Matuska,UTC 3,Eddy.y.Matuska@gmail.com,(+1)(772)-359-4470,8,3,0
389804,Cira,g,Langager,UTC -12,Cira.g.Langager@gmail.com,7851267258,13,3,0
652272,Gil,k,Stephan,UTC 3,Gil.k.Stephan@gmail.com,+1400-249-6,8,4,1
304191,Sana,l,Clearman,UTC 8,Sana.l.Clearman@gmail.com,(211)1638292,10,3,2
479228,Chere,f,Koonce,UTC 4,Chere.f.Koonce@gmail.com,449-528-5278,9,4,0
376115,Earle,r,Lynes,UTC 11,Earle.r.Lynes@gmail.com,7932220631,5,3,0
583136,Arianna,g,Below,UTC -2,Arianna.g.Below@gmail.com,+79694-126-2923,6,3,0
833511,Rosemarie,E,Shartrand,UTC -3,Rosemarie.E.Shartrand@gmail.com,1647763917,12,4,0
949224,Dalton,a,Falco,UTC 6,Dalton.a.Falco@gmail.com,+15243546796,9,3,0