idPerson,FIRST_NAME,MIDDLE INITIAL,LAST_NAME,UTC_TIMEZONE,EMAIL,AREA_CODE,PHONE NUMBER,PLATFORM,CONVO_COUNT
635989,Kena,b,Bowhall,UTC -5,Kena.b.Bowhall@gmail.com,38,3409777625,A,74
956749,Cheree,g,Bors,UTC 2,Cheree.g.Bors@gmail.com,,2991178214,A,74
905401,Garnet,X,Adham,UTC 0,Garnet.X.Adham@gmail.com,,7654804276,A,75
337923,Scot,y,Gusman,UTC -2,Scot.y.Gusman@gmail.com,,3877180267,A,81
198538,Dorla,c,Buckovitch,UTC -7,Dorla.c.Buckovitch@gmail.com,,,A,77
628883,Wallace,Z,Sandora,UTC 12,Wallace.Z.Sandora@gmail.com,,9116810894,A,75
346119,Bridgett,M,Whittet,UTC -12,Bridgett.M.Whittet@gmail.com,,5872303463,A,73
588389,Bethanie,A,Calvin,UTC -9,Bethanie.A.Calvin@gmail.com,,1711722888,A,72
473273,Erlene,C,Demske,UTC 7,Erlene.C.Demske@gmail.com,,8305952595,A,77
986870,Chuck,G,Dozois,UTC 11,Chuck.G.Dozois@gmail.com,1,8097915904,A,76
363371,Kerrie,k,Sudweeks,UTC 11,Kerrie.k.Sudweeks@gmail.com,15,8546597524,A,11
653841,Ali,B,Ache,UTC 2,Ali.B.Ache@gmail.com,,7902006061,A,8
665572,Kimiko,z,Holt,UTC -3,Kimiko.z.Holt@gmail.com,62,5069480869,A,5
120845,Scarlett,D,Bonillas,UTC -2,Scarlett.D.Bonillas@gmail.com,,1505387267,A,10
658729,Alida,y,Thomason,UTC -6,Alida.y.Thomason@gmail.com,,4768557955,A,7
860336,Lemuel,h,Shoto,UTC 6,Lemuel.h.Shoto@gmail.com,,5977996489,A,9
937906,Benito,i,Slanker,UTC 10,Benito.i.Slanker@gmail.com,30,6613718414,A,14
285590,Dorene,F,Lehneis,UTC -3,Dorene.F.Lehneis@gmail.com,,1833975033,A,6
795230,Huong,I,Akal,UTC -10,Huong.I.Akal@gmail.com,,2570977480,A,5
524900,Synthia,I,Markey,UTC -12,Synthia.I.Markey@gmail.com,,4748261387,A,9
594093,Awilda,h,Yerty,UTC -11,Awilda.h.Yerty@gmail.com,,3011870230,A,5
299558,Abram,h,Pawlowski,UTC 4,Abram.h.Pawlowski@gmail.com,69,7891389510,A,13
953066,Jules,g,Bachmeyer,UTC 7,Jules.g.Bachmeyer@gmail.com,,9441982901,A,12
368450,Jalisa,R,Hughston,UTC 0,Jalisa.R.Hughston@gmail.com,,1718899406,A,11
164902,Lecia,e,Dorr,UTC -12,Lecia.e.Dorr@gmail.com,1,7243483329,A,5
308427,Ricky,r,Odegard,UTC -5,Ricky.r.Odegard@gmail.com,17,5363222386,A,12
100730,Bernadette,i,Crown,UTC -3,Bernadette.i.Crown@gmail.com,27,2466574186,A,7
53842,Imelda,p,Netters,UTC -11,Imelda.p.Netters@gmail.com,,5060152454,A,9
511915,Ethyl,i,Benser,UTC -11,Ethyl.i.Benser@gmail.com,81,3992909251,A,7
827984,Jama,Q,Cron,UTC 1,Jama.Q.Cron@gmail.com,9,3962478812,A,11
183661,Sally,s,Stouer,UTC -4,Sally.s.Stouer@gmail.com,,,A,11
503610,Meghann,f,Blaker,UTC -4,Meghann.f.Blaker@gmail.com,,3682872641,A,8
649604,Waltraud,N,Tull,UTC 7,Waltraud.N.Tull@gmail.com,1,6615558042,A,8
313854,Elva,x,Bielefeldt,UTC -12,Elva.x.Bielefeldt@gmail.com,1,3773822601,A,9
349202,Ricki,x,Belardo,UTC 8,Ricki.x.Belardo@gmail.com,1,7876856502,A,14
779192,Daphne,u,Tami,UTC -12,Daphne.u.Tami@gmail.com,,6439497109,A,12
312703,Yukiko,Y,Tremore,UTC 4,Yukiko.Y.Tremore@gmail.com,1,4687949378,A,13
335221,Hung,r,Alvares,UTC 5,Hung.r.Alvares@gmail.com,1,7285235024,A,6
995255,Cherie,c,Vivanco,UTC 9,Cherie.c.Vivanco@gmail.com,,3923516711,A,6
965160,Hai,T,Shelvy,UTC -12,Hai.T.Shelvy@gmail.com,,4966648735,A,8
334838,Yer,k,Haering,UTC 0,Yer.k.Haering@gmail.com,,8516670637,A,4
238060,Jeffrey,N,Shuga,UTC 2,Jeffrey.N.Shuga@gmail.com,,5655575776,A,7
592530,Britany,I,Salquero,UTC 0,Britany.I.Salquero@gmail.com,,3072989569,A,6
465698,Elida,T,Solito,UTC 2,Elida.T.Solito@gmail.com,,5926695033,A,7
75827,Lynell,c,Slade,UTC 4,Lynell.c.Slade@gmail.com,52,3200059065,A,11
47193,Mariela,D,Berardo,UTC 7,Mariela.D.Berardo@gmail.com,1,6726581703,A,15
679084,Scarlett,I,Matesic,UTC -12,Scarlett.I.Matesic@gmail.com,,,A,6
613453,Lonnie,Q,Fennema,UTC 7,Lonnie.Q.Fennema@gmail.com,,3162415056,A,7
608417,Bronwyn,X,Loe,UTC 10,Bronwyn.X.Loe@gmail.com,,7386711070,A,11
167829,Loren,Q,Olnes,UTC 0,Loren.Q.Olnes@gmail.com,1,6887727907,A,12
770616,Deane,b,Below,UTC -2,Deane.b.Below@gmail.com,,1485956344,A,3
313942,Austin,n,Ciarletta,UTC -9,Austin.n.Ciarletta@gmail.com,,3223642297,A,7
245076,Ethelyn,e,Srinvasan,UTC 4,Ethelyn.e.Srinvasan@gmail.com,,5114192663,A,10
461858,Jolie,m,Wiederstein,UTC 5,Jolie.m.Wiederstein@gmail.com,,6802351914,A,15
461265,Jamey,J,Laverde,UTC -1,Jamey.J.Laverde@gmail.com,,3889488097,A,9
752765,Elma,S,Miscoe,UTC -6,Elma.S.Miscoe@gmail.com,1,4757234889,A,5
286041,Corey,E,Clauson,UTC 3,Corey.E.Clauson@gmail.com,,3783402433,A,5
416998,Hayley,y,Pallansch,UTC 11,Hayley.y.Pallansch@gmail.com,,5268161877,A,8
758485,Kim,v,Cabeza,UTC 5,Kim.v.Cabeza@gmail.com,,2288993536,A,7
167753,Patricia,z,Boushie,UTC -8,Patricia.z.Boushie@gmail.com,,5203225753,A,12
919671,Charisse,c,Clelland,UTC 5,Charisse.c.Clelland@gmail.com,,1699270572,A,5
719461,Tashina,V,Corpe,UTC -2,Tashina.V.Corpe@gmail.com,9,2466804734,A,10
189706,Jenine,g,Schreader,UTC -5,Jenine.g.Schreader@gmail.com,,9980997530,A,10
617392,Marilee,o,Gastellum,UTC 5,Marilee.o.Gastellum@gmail.com,,1334930171,A,13
73251,Bennett,z,Klosky,UTC -11,Bennett.z.Klosky@gmail.com,,9603394830,A,4
526099,Marilyn,L,Pesenti,UTC 8,Marilyn.L.Pesenti@gmail.com,,1864625440,A,4
841017,Paulina,r,Settle,UTC 7,Paulina.r.Settle@gmail.com,1,6881707958,A,7
477585,Tu,D,Bodyfelt,UTC 9,Tu.D.Bodyfelt@gmail.com,,3961633045,A,6
731304,Verlie,x,Cava,UTC -6,Verlie.x.Cava@gmail.com,,,A,6
347656,Carmine,E,Mcentee,UTC -7,Carmine.E.Mcentee@gmail.com,,6723573213,A,6
901963,Dominic,I,Sinyard,UTC 10,Dominic.I.Sinyard@gmail.com,,6597119649,A,7
73910,Annmarie,Q,Kappel,UTC -8,Annmarie.Q.Kappel@gmail.com,,2562820388,A,8
49206,Frank,Q,Romano,UTC 11,Frank.Q.Romano@gmail.com,18,3863830014,A,9
326023,Margret,w,Mccague,UTC -10,Margret.w.Mccague@gmail.com,56,3781240860,A,12
729154,Douglass,y,Mcgunnigle,UTC 5,Douglass.y.Mcgunnigle@gmail.com,,,A,10
813491,Christena,w,Spear,UTC 10,Christena.w.Spear@gmail.com,64,6933547540,A,15
994818,Mark,x,Sorbo,UTC -5,Mark.x.Sorbo@gmail.com,47,6816097225,A,8
117183,Margareta,a,Demming,UTC -4,Margareta.a.Demming@gmail.com,,5070813790,A,5
485337,Kia,t,Rencher,UTC -8,Kia.t.Rencher@gmail.com,,6824524314,A,4
881369,Charlena,a,Mai,UTC 0,Charlena.a.Mai@gmail.com,,1634392949,A,5
65013,Kraig,N,Ozley,UTC -3,Kraig.N.Ozley@gmail.com,,4505228276,A,8
912871,Zada,N,Luoto,UTC -10,Zada.N.Luoto@gmail.com,,8498567445,A,5
495701,Magali,T,Napoles,UTC -3,Magali.T.Napoles@gmail.com,1,3421309231,A,6
718125,Tillie,T,Warsme,UTC -5,Tillie.T.Warsme@gmail.com,,,A,10
19609,Juanita,M,Rendina,UTC 8,Juanita.M.Rendina@gmail.com,1,1254268743,A,9
928209,Yahaira,N,Richard,UTC -6,Yahaira.N.Richard@gmail.com,1,7242507930,A,9
930225,Dotty,Z,Ayele,UTC -1,Dotty.Z.Ayele@gmail.com,,8609404932,A,5
585779,Tamesha,x,Struckhoff,UTC -7,Tamesha.x.Struckhoff@gmail.com,,2270264293,A,16
51113,Evie,O,Carabajal,UTC 9,Evie.O.Carabajal@gmail.com,84,5363378970,A,5
200613,Ruby,H,Dulany,UTC -11,Ruby.H.Dulany@gmail.com,,6446773786,A,11
6196,Enedina,f,Teixeira,UTC -5,Enedina.f.Teixeira@gmail.com,29,1957884743,A,5
115720,Kory,N,Bautz,UTC 1,Kory.N.Bautz@gmail.com,,7741444240,A,6
930991,Mirtha,P,Jager,UTC 2,Mirtha.P.Jager@gmail.com,,4701614021,A,9
330528,Silvana,C,Cawood,UTC 4,Silvana.C.Cawood@gmail.com,,,A,10
346555,Flossie,n,Herreras,UTC -8,Flossie.n.Herreras@gmail.com,60,9972544864,A,12
383738,Nell,r,Balentine,UTC 11,Nell.r.Balentine@gmail.com,,8837159347,A,7
918860,Brant,i,Magliolo,UTC -8,Brant.i.Magliolo@gmail.com,,1962301106,A,7
626079,Connie,v,Adames,UTC 12,Connie.v.Adames@gmail.com,,,A,9
803667,Trista,e,Kuehnert,UTC -11,Trista.e.Kuehnert@gmail.com,,3928325372,A,7
876312,Blythe,T,Bitar,UTC 2,Blythe.T.Bitar@gmail.com,,3290420369,A,6
635989,Kena,b,Bowhall,UTC -5,Kena.b.Bowhall@gmail.com,38,3409777625,B,25
956749,Cheree,g,Bors,UTC 2,Cheree.g.Bors@gmail.com,,2991178214,B,24
905401,Garnet,X,Adham,UTC 0,Garnet.X.Adham@gmail.com,,7654804276,B,22
337923,Scot,y,Gusman,UTC -2,Scot.y.Gusman@gmail.com,,3877180267,B,15
198538,Dorla,c,Buckovitch,UTC -7,Dorla.c.Buckovitch@gmail.com,,,B,20
628883,Wallace,Z,Sandora,UTC 12,Wallace.Z.Sandora@gmail.com,,9116810894,B,24
346119,Bridgett,M,Whittet,UTC -12,Bridgett.M.Whittet@gmail.com,,5872303463,B,24
588389,Bethanie,A,Calvin,UTC -9,Bethanie.A.Calvin@gmail.com,,1711722888,B,24
473273,Erlene,C,Demske,UTC 7,Erlene.C.Demske@gmail.com,,8305952595,B,20
986870,Chuck,G,Dozois,UTC 11,Chuck.G.Dozois@gmail.com,1,8097915904,B,23
363371,Kerrie,k,Sudweeks,UTC 11,Kerrie.k.Sudweeks@gmail.com,15,8546597524,B,4
653841,Ali,B,Ache,UTC 2,Ali.B.Ache@gmail.com,,7902006061,B,1
665572,Kimiko,z,Holt,UTC -3,Kimiko.z.Holt@gmail.com,62,5069480869,B,3
120845,Scarlett,D,Bonillas,UTC -2,Scarlett.D.Bonillas@gmail.com,,1505387267,B,1
658729,Alida,y,Thomason,UTC -6,Alida.y.Thomason@gmail.com,,4768557955,B,2
860336,Lemuel,h,Shoto,UTC 6,Lemuel.h.Shoto@gmail.com,,5977996489,B,2
937906,Benito,i,Slanker,UTC 10,Benito.i.Slanker@gmail.com,30,6613718414,B,1
285590,Dorene,F,Lehneis,UTC -3,Dorene.F.Lehneis@gmail.com,,1833975033,B,3
795230,Huong,I,Akal,UTC -10,Huong.I.Akal@gmail.com,,2570977480,B,3
524900,Synthia,I,Markey,UTC -12,Synthia.I.Markey@gmail.com,,4748261387,B,6
594093,Awilda,h,Yerty,UTC -11,Awilda.h.Yerty@gmail.com,,3011870230,B,1
299558,Abram,h,Pawlowski,UTC 4,Abram.h.Pawlowski@gmail.com,69,7891389510,B,3
953066,Jules,g,Bachmeyer,UTC 7,Jules.g.Bachmeyer@gmail.com,,9441982901,B,3
368450,Jalisa,R,Hughston,UTC 0,Jalisa.R.Hughston@gmail.com,,1718899406,B,3
164902,Lecia,e,Dorr,UTC -12,Lecia.e.Dorr@gmail.com,1,7243483329,B,2
308427,Ricky,r,Odegard,UTC -5,Ricky.r.Odegard@gmail.com,17,5363222386,B,3
100730,Bernadette,i,Crown,UTC -3,Bernadette.i.Crown@gmail.com,27,2466574186,B,1
53842,Imelda,p,Netters,UTC -11,Imelda.p.Netters@gmail.com,,5060152454,B,0
511915,Ethyl,i,Benser,UTC -11,Ethyl.i.Benser@gmail.com,81,3992909251,B,5
827984,Jama,Q,Cron,UTC 1,Jama.Q.Cron@gmail.com,9,3962478812,B,0
183661,Sally,s,Stouer,UTC -4,Sally.s.Stouer@gmail.com,,,B,2
503610,Meghann,f,Blaker,UTC -4,Meghann.f.Blaker@gmail.com,,3682872641,B,4
649604,Waltraud,N,Tull,UTC 7,Waltraud.N.Tull@gmail.com,1,6615558042,B,7
313854,Elva,x,Bielefeldt,UTC -12,Elva.x.Bielefeldt@gmail.com,1,3773822601,B,1
349202,Ricki,x,Belardo,UTC 8,Ricki.x.Belardo@gmail.com,1,7876856502,B,1
779192,Daphne,u,Tami,UTC -12,Daphne.u.Tami@gmail.com,,6439497109,B,1
312703,Yukiko,Y,Tremore,UTC 4,Yukiko.Y.Tremore@gmail.com,1,4687949378,B,5
335221,Hung,r,Alvares,UTC 5,Hung.r.Alvares@gmail.com,1,7285235024,B,1
995255,Cherie,c,Vivanco,UTC 9,Cherie.c.Vivanco@gmail.com,,3923516711,B,1
965160,Hai,T,Shelvy,UTC -12,Hai.T.Shelvy@gmail.com,,4966648735,B,2
334838,Yer,k,Haering,UTC 0,Yer.k.Haering@gmail.com,,8516670637,B,0
238060,Jeffrey,N,Shuga,UTC 2,Jeffrey.N.Shuga@gmail.com,,5655575776,B,2
592530,Britany,I,Salquero,UTC 0,Britany.I.Salquero@gmail.com,,3072989569,B,4
465698,Elida,T,Solito,UTC 2,Elida.T.Solito@gmail.com,,5926695033,B,0
75827,Lynell,c,Slade,UTC 4,Lynell.c.Slade@gmail.com,52,3200059065,B,1
47193,Mariela,D,Berardo,UTC 7,Mariela.D.Berardo@gmail.com,1,6726581703,B,5
679084,Scarlett,I,Matesic,UTC -12,Scarlett.I.Matesic@gmail.com,,,B,0
613453,Lonnie,Q,Fennema,UTC 7,Lonnie.Q.Fennema@gmail.com,,3162415056,B,3
608417,Bronwyn,X,Loe,UTC 10,Bronwyn.X.Loe@gmail.com,,7386711070,B,2
167829,Loren,Q,Olnes,UTC 0,Loren.Q.Olnes@gmail.com,1,6887727907,B,2
770616,Deane,b,Below,UTC -2,Deane.b.Below@gmail.com,,1485956344,B,2
313942,Austin,n,Ciarletta,UTC -9,Austin.n.Ciarletta@gmail.com,,3223642297,B,2
245076,Ethelyn,e,Srinvasan,UTC 4,Ethelyn.e.Srinvasan@gmail.com,,5114192663,B,3
461858,Jolie,m,Wiederstein,UTC 5,Jolie.m.Wiederstein@gmail.com,,6802351914,B,1
461265,Jamey,J,Laverde,UTC -1,Jamey.J.Laverde@gmail.com,,3889488097,B,4
752765,Elma,S,Miscoe,UTC -6,Elma.S.Miscoe@gmail.com,1,4757234889,B,3
286041,Corey,E,Clauson,UTC 3,Corey.E.Clauson@gmail.com,,3783402433,B,2
416998,Hayley,y,Pallansch,UTC 11,Hayley.y.Pallansch@gmail.com,,5268161877,B,3
758485,Kim,v,Cabeza,UTC 5,Kim.v.Cabeza@gmail.com,,2288993536,B,1
167753,Patricia,z,Boushie,UTC -8,Patricia.z.Boushie@gmail.com,,5203225753,B,2
919671,Charisse,c,Clelland,UTC 5,Charisse.c.Clelland@gmail.com,,1699270572,B,2
719461,Tashina,V,Corpe,UTC -2,Tashina.V.Corpe@gmail.com,9,2466804734,B,6
189706,Jenine,g,Schreader,UTC -5,Jenine.g.Schreader@gmail.com,,9980997530,B,2
617392,Marilee,o,Gastellum,UTC 5,Marilee.o.Gastellum@gmail.com,,1334930171,B,3
73251,Bennett,z,Klosky,UTC -11,Bennett.z.Klosky@gmail.com,,9603394830,B,3
526099,Marilyn,L,Pesenti,UTC 8,Marilyn.L.Pesenti@gmail.com,,1864625440,B,3
841017,Paulina,r,Settle,UTC 7,Paulina.r.Settle@gmail.com,1,6881707958,B,2
477585,Tu,D,Bodyfelt,UTC 9,Tu.D.Bodyfelt@gmail.com,,3961633045,B,6
731304,Verlie,x,Cava,UTC -6,Verlie.x.Cava@gmail.com,,,B,1
347656,Carmine,E,Mcentee,UTC -7,Carmine.E.Mcentee@gmail.com,,6723573213,B,1
901963,Dominic,I,Sinyard,UTC 10,Dominic.I.Sinyard@gmail.com,,6597119649,B,1
73910,Annmarie,Q,Kappel,UTC -8,Annmarie.Q.Kappel@gmail.com,,2562820388,B,5
49206,Frank,Q,Romano,UTC 11,Frank.Q.Romano@gmail.com,18,3863830014,B,0
326023,Margret,w,Mccague,UTC -10,Margret.w.Mccague@gmail.com,56,3781240860,B,1
729154,Douglass,y,Mcgunnigle,UTC 5,Douglass.y.Mcgunnigle@gmail.com,,,B,4
813491,Christena,w,Spear,UTC 10,Christena.w.Spear@gmail.com,64,6933547540,B,3
994818,Mark,x,Sorbo,UTC -5,Mark.x.Sorbo@gmail.com,47,6816097225,B,3
117183,Margareta,a,Demming,UTC -4,Margareta.a.Demming@gmail.com,,5070813790,B,1
485337,Kia,t,Rencher,UTC -8,Kia.t.Rencher@gmail.com,,6824524314,B,2
881369,Charlena,a,Mai,UTC 0,Charlena.a.Mai@gmail.com,,1634392949,B,2
65013,Kraig,N,Ozley,UTC -3,Kraig.N.Ozley@gmail.com,,4505228276,B,0
912871,Zada,N,Luoto,UTC -10,Zada.N.Luoto@gmail.com,,8498567445,B,4
495701,Magali,T,Napoles,UTC -3,Magali.T.Napoles@gmail.com,1,3421309231,B,1
718125,Tillie,T,Warsme,UTC -5,Tillie.T.Warsme@gmail.com,,,B,4
19609,Juanita,M,Rendina,UTC 8,Juanita.M.Rendina@gmail.com,1,1254268743,B,1
928209,Yahaira,N,Richard,UTC -6,Yahaira.N.Richard@gmail.com,1,7242507930,B,1
930225,Dotty,Z,Ayele,UTC -1,Dotty.Z.Ayele@gmail.com,,8609404932,B,3
585779,Tamesha,x,Struckhoff,UTC -7,Tamesha.x.Struckhoff@gmail.com,,2270264293,B,1
51113,Evie,O,Carabajal,UTC 9,Evie.O.Carabajal@gmail.com,84,5363378970,B,0
200613,Ruby,H,Dulany,UTC -11,Ruby.H.Dulany@gmail.com,,6446773786,B,5
6196,Enedina,f,Teixeira,UTC -5,Enedina.f.Teixeira@gmail.com,29,1957884743,B,5
115720,Kory,N,Bautz,UTC 1,Kory.N.Bautz@gmail.com,,7741444240,B,5
930991,Mirtha,P,Jager,UTC 2,Mirtha.P.Jager@gmail.com,,4701614021,B,3
330528,Silvana,C,Cawood,UTC 4,Silvana.C.Cawood@gmail.com,,,B,1
346555,Flossie,n,Herreras,UTC -8,Flossie.n.Herreras@gmail.com,60,9972544864,B,4
383738,Nell,r,Balentine,UTC 11,Nell.r.Balentine@gmail.com,,8837159347,B,5
918860,Brant,i,Magliolo,UTC -8,Brant.i.Magliolo@gmail.com,,1962301106,B,2
626079,Connie,v,Adames,UTC 12,Connie.v.Adames@gmail.com,,,B,4
803667,Trista,e,Kuehnert,UTC -11,Trista.e.Kuehnert@gmail.com,,3928325372,B,5
876312,Blythe,T,Bitar,UTC 2,Blythe.T.Bitar@gmail.com,,3290420369,B,2
635989,Kena,b,Bowhall,UTC -5,Kena.b.Bowhall@gmail.com,38,3409777625,C,1
956749,Cheree,g,Bors,UTC 2,Cheree.g.Bors@gmail.com,,2991178214,C,2
905401,Garnet,X,Adham,UTC 0,Garnet.X.Adham@gmail.com,,7654804276,C,3
337923,Scot,y,Gusman,UTC -2,Scot.y.Gusman@gmail.com,,3877180267,C,4
198538,Dorla,c,Buckovitch,UTC -7,Dorla.c.Buckovitch@gmail.com,,,C,3
628883,Wallace,Z,Sandora,UTC 12,Wallace.Z.Sandora@gmail.com,,9116810894,C,1
346119,Bridgett,M,Whittet,UTC -12,Bridgett.M.Whittet@gmail.com,,5872303463,C,3
588389,Bethanie,A,Calvin,UTC -9,Bethanie.A.Calvin@gmail.com,,1711722888,C,4
473273,Erlene,C,Demske,UTC 7,Erlene.C.Demske@gmail.com,,8305952595,C,3
986870,Chuck,G,Dozois,UTC 11,Chuck.G.Dozois@gmail.com,1,8097915904,C,1
363371,Kerrie,k,Sudweeks,UTC 11,Kerrie.k.Sudweeks@gmail.com,15,8546597524,C,0
653841,Ali,B,Ache,UTC 2,Ali.B.Ache@gmail.com,,7902006061,C,1
665572,Kimiko,z,Holt,UTC -3,Kimiko.z.Holt@gmail.com,62,5069480869,C,1
120845,Scarlett,D,Bonillas,UTC -2,Scarlett.D.Bonillas@gmail.com,,1505387267,C,0
658729,Alida,y,Thomason,UTC -6,Alida.y.Thomason@gmail.com,,4768557955,C,1
860336,Lemuel,h,Shoto,UTC 6,Lemuel.h.Shoto@gmail.com,,5977996489,C,1
937906,Benito,i,Slanker,UTC 10,Benito.i.Slanker@gmail.com,30,6613718414,C,0
285590,Dorene,F,Lehneis,UTC -3,Dorene.F.Lehneis@gmail.com,,1833975033,C,0
795230,Huong,I,Akal,UTC -10,Huong.I.Akal@gmail.com,,2570977480,C,1
524900,Synthia,I,Markey,UTC -12,Synthia.I.Markey@gmail.com,,4748261387,C,1
594093,Awilda,h,Yerty,UTC -11,Awilda.h.Yerty@gmail.com,,3011870230,C,0
299558,Abram,h,Pawlowski,UTC 4,Abram.h.Pawlowski@gmail.com,69,7891389510,C,0
953066,Jules,g,Bachmeyer,UTC 7,Jules.g.Bachmeyer@gmail.com,,9441982901,C,0
368450,Jalisa,R,Hughston,UTC 0,Jalisa.R.Hughston@gmail.com,,1718899406,C,0
164902,Lecia,e,Dorr,UTC -12,Lecia.e.Dorr@gmail.com,1,7243483329,C,0
308427,Ricky,r,Odegard,UTC -5,Ricky.r.Odegard@gmail.com,17,5363222386,C,0
100730,Bernadette,i,Crown,UTC -3,Bernadette.i.Crown@gmail.com,27,2466574186,C,0
53842,Imelda,p,Netters,UTC -11,Imelda.p.Netters@gmail.com,,5060152454,C,0
511915,Ethyl,i,Benser,UTC -11,Ethyl.i.Benser@gmail.com,81,3992909251,C,0
827984,Jama,Q,Cron,UTC 1,Jama.Q.Cron@gmail.com,9,3962478812,C,0
183661,Sally,s,Stouer,UTC -4,Sally.s.Stouer@gmail.com,,,C,0
503610,Meghann,f,Blaker,UTC -4,Meghann.f.Blaker@gmail.com,,3682872641,C,0
649604,Waltraud,N,Tull,UTC 7,Waltraud.N.Tull@gmail.com,1,6615558042,C,0
313854,Elva,x,Bielefeldt,UTC -12,Elva.x.Bielefeldt@gmail.com,1,3773822601,C,0
349202,Ricki,x,Belardo,UTC 8,Ricki.x.Belardo@gmail.com,1,7876856502,C,1
779192,Daphne,u,Tami,UTC -12,Daphne.u.Tami@gmail.com,,6439497109,C,0
312703,Yukiko,Y,Tremore,UTC 4,Yukiko.Y.Tremore@gmail.com,1,4687949378,C,0
335221,Hung,r,Alvares,UTC 5,Hung.r.Alvares@gmail.com,1,7285235024,C,0
995255,Cherie,c,Vivanco,UTC 9,Cherie.c.Vivanco@gmail.com,,3923516711,C,0
965160,Hai,T,Shelvy,UTC -12,Hai.T.Shelvy@gmail.com,,4966648735,C,2
334838,Yer,k,Haering,UTC 0,Yer.k.Haering@gmail.com,,8516670637,C,0
238060,Jeffrey,N,Shuga,UTC 2,Jeffrey.N.Shuga@gmail.com,,5655575776,C,0
592530,Britany,I,Salquero,UTC 0,Britany.I.Salquero@gmail.com,,3072989569,C,0
465698,Elida,T,Solito,UTC 2,Elida.T.Solito@gmail.com,,5926695033,C,1
75827,Lynell,c,Slade,UTC 4,Lynell.c.Slade@gmail.com,52,3200059065,C,1
47193,Mariela,D,Berardo,UTC 7,Mariela.D.Berardo@gmail.com,1,6726581703,C,0
679084,Scarlett,I,Matesic,UTC -12,Scarlett.I.Matesic@gmail.com,,,C,0
613453,Lonnie,Q,Fennema,UTC 7,Lonnie.Q.Fennema@gmail.com,,3162415056,C,1
608417,Bronwyn,X,Loe,UTC 10,Bronwyn.X.Loe@gmail.com,,7386711070,C,1
167829,Loren,Q,Olnes,UTC 0,Loren.Q.Olnes@gmail.com,1,6887727907,C,1
770616,Deane,b,Below,UTC -2,Deane.b.Below@gmail.com,,1485956344,C,0
313942,Austin,n,Ciarletta,UTC -9,Austin.n.Ciarletta@gmail.com,,3223642297,C,0
245076,Ethelyn,e,Srinvasan,UTC 4,Ethelyn.e.Srinvasan@gmail.com,,5114192663,C,0
461858,Jolie,m,Wiederstein,UTC 5,Jolie.m.Wiederstein@gmail.com,,6802351914,C,0
461265,Jamey,J,Laverde,UTC -1,Jamey.J.Laverde@gmail.com,,3889488097,C,0
752765,Elma,S,Miscoe,UTC -6,Elma.S.Miscoe@gmail.com,1,4757234889,C,1
286041,Corey,E,Clauson,UTC 3,Corey.E.Clauson@gmail.com,,3783402433,C,0
416998,Hayley,y,Pallansch,UTC 11,Hayley.y.Pallansch@gmail.com,,5268161877,C,0
758485,Kim,v,Cabeza,UTC 5,Kim.v.Cabeza@gmail.com,,2288993536,C,0
167753,Patricia,z,Boushie,UTC -8,Patricia.z.Boushie@gmail.com,,5203225753,C,0
919671,Charisse,c,Clelland,UTC 5,Charisse.c.Clelland@gmail.com,,1699270572,C,1
719461,Tashina,V,Corpe,UTC -2,Tashina.V.Corpe@gmail.com,9,2466804734,C,1
189706,Jenine,g,Schreader,UTC -5,Jenine.g.Schreader@gmail.com,,9980997530,C,1
617392,Marilee,o,Gastellum,UTC 5,Marilee.o.Gastellum@gmail.com,,1334930171,C,0
73251,Bennett,z,Klosky,UTC -11,Bennett.z.Klosky@gmail.com,,9603394830,C,0
526099,Marilyn,L,Pesenti,UTC 8,Marilyn.L.Pesenti@gmail.com,,1864625440,C,1
841017,Paulina,r,Settle,UTC 7,Paulina.r.Settle@gmail.com,1,6881707958,C,0
477585,Tu,D,Bodyfelt,UTC 9,Tu.D.Bodyfelt@gmail.com,,3961633045,C,0
731304,Verlie,x,Cava,UTC -6,Verlie.x.Cava@gmail.com,,,C,0
347656,Carmine,E,Mcentee,UTC -7,Carmine.E.Mcentee@gmail.com,,6723573213,C,0
901963,Dominic,I,Sinyard,UTC 10,Dominic.I.Sinyard@gmail.com,,6597119649,C,0
73910,Annmarie,Q,Kappel,UTC -8,Annmarie.Q.Kappel@gmail.com,,2562820388,C,0
49206,Frank,Q,Romano,UTC 11,Frank.Q.Romano@gmail.com,18,3863830014,C,0
326023,Margret,w,Mccague,UTC -10,Margret.w.Mccague@gmail.com,56,3781240860,C,0
729154,Douglass,y,Mcgunnigle,UTC 5,Douglass.y.Mcgunnigle@gmail.com,,,C,0
813491,Christena,w,Spear,UTC 10,Christena.w.Spear@gmail.com,64,6933547540,C,0
994818,Mark,x,Sorbo,UTC -5,Mark.x.Sorbo@gmail.com,47,6816097225,C,0
117183,Margareta,a,Demming,UTC -4,Margareta.a.Demming@gmail.com,,5070813790,C,3
485337,Kia,t,Rencher,UTC -8,Kia.t.Rencher@gmail.com,,6824524314,C,0
881369,Charlena,a,Mai,UTC 0,Charlena.a.Mai@gmail.com,,1634392949,C,1
65013,Kraig,N,Ozley,UTC -3,Kraig.N.Ozley@gmail.com,,4505228276,C,0
912871,Zada,N,Luoto,UTC -10,Zada.N.Luoto@gmail.com,,8498567445,C,0
495701,Magali,T,Napoles,UTC -3,Magali.T.Napoles@gmail.com,1,3421309231,C,0
718125,Tillie,T,Warsme,UTC -5,Tillie.T.Warsme@gmail.com,,,C,0
19609,Juanita,M,Rendina,UTC 8,Juanita.M.Rendina@gmail.com,1,1254268743,C,0
928209,Yahaira,N,Richard,UTC -6,Yahaira.N.Richard@gmail.com,1,7242507930,C,2
930225,Dotty,Z,Ayele,UTC -1,Dotty.Z.Ayele@gmail.com,,8609404932,C,0
585779,Tamesha,x,Struckhoff,UTC -7,Tamesha.x.Struckhoff@gmail.com,,2270264293,C,0
51113,Evie,O,Carabajal,UTC 9,Evie.O.Carabajal@gmail.com,84,5363378970,C,0
200613,Ruby,H,Dulany,UTC -11,Ruby.H.Dulany@gmail.com,,6446773786,C,0
6196,Enedina,f,Teixeira,UTC -5,Enedina.f.Teixeira@gmail.com,29,1957884743,C,0
115720,Kory,N,Bautz,UTC 1,Kory.N.Bautz@gmail.com,,7741444240,C,0
930991,Mirtha,P,Jager,UTC 2,Mirtha.P.Jager@gmail.com,,4701614021,C,0
330528,Silvana,C,Cawood,UTC 4,Silvana.C.Cawood@gmail.com,,,C,0
346555,Flossie,n,Herreras,UTC -8,Flossie.n.Herreras@gmail.com,60,9972544864,C,0
383738,Nell,r,Balentine,UTC 11,Nell.r.Balentine@gmail.com,,8837159347,C,0
918860,Brant,i,Magliolo,UTC -8,Brant.i.Magliolo@gmail.com,,1962301106,C,0
626079,Connie,v,Adames,UTC 12,Connie.v.Adames@gmail.com,,,C,0
803667,Trista,e,Kuehnert,UTC -11,Trista.e.Kuehnert@gmail.com,,3928325372,C,0
876312,Blythe,T,Bitar,UTC 2,Blythe.T.Bitar@gmail.com,,3290420369,C,0
